index	label	network_label	label_7network	index_17network	label_17network	network_label_17network	atlas_name	network_id
1	LH_Vis_1	Vis	7Networks_LH_Vis_1	92.0	17Networks_LH_DorsAttnA_TempOcc_2	DorsAttnA	Schaefer2018N600n7	
2	LH_Vis_2	Vis	7Networks_LH_Vis_2	4.0	17Networks_LH_VisCent_ExStr_1	VisCent	Schaefer2018N600n7	
3	LH_Vis_3	Vis	7Networks_LH_Vis_3	290.0	17Networks_LH_DefaultC_PHC_3	DefaultC	Schaefer2018N600n7	
4	LH_Vis_4	Vis	7Networks_LH_Vis_4	5.0	17Networks_LH_VisCent_ExStr_2	VisCent	Schaefer2018N600n7	
5	LH_Vis_5	Vis	7Networks_LH_Vis_5	6.0	17Networks_LH_VisCent_ExStr_3	VisCent	Schaefer2018N600n7	
6	LH_Vis_6	Vis	7Networks_LH_Vis_6	7.0	17Networks_LH_VisCent_ExStr_4	VisCent	Schaefer2018N600n7	
7	LH_Vis_7	Vis	7Networks_LH_Vis_7	8.0	17Networks_LH_VisCent_ExStr_5	VisCent	Schaefer2018N600n7	
8	LH_Vis_8	Vis	7Networks_LH_Vis_8	9.0	17Networks_LH_VisCent_ExStr_6	VisCent	Schaefer2018N600n7	
9	LH_Vis_9	Vis	7Networks_LH_Vis_9	26.0	17Networks_LH_VisPeri_ExStrInf_1	VisPeri	Schaefer2018N600n7	
10	LH_Vis_10	Vis	7Networks_LH_Vis_10	94.0	17Networks_LH_DorsAttnA_TempOcc_4	DorsAttnA	Schaefer2018N600n7	
11	LH_Vis_11	Vis	7Networks_LH_Vis_11	292.0	17Networks_LH_DefaultC_PHC_5	DefaultC	Schaefer2018N600n7	
12	LH_Vis_12	Vis	7Networks_LH_Vis_12	27.0	17Networks_LH_VisPeri_ExStrInf_2	VisPeri	Schaefer2018N600n7	
13	LH_Vis_13	Vis	7Networks_LH_Vis_13	28.0	17Networks_LH_VisPeri_ExStrInf_3	VisPeri	Schaefer2018N600n7	
14	LH_Vis_14	Vis	7Networks_LH_Vis_14	10.0	17Networks_LH_VisCent_ExStr_7	VisCent	Schaefer2018N600n7	
15	LH_Vis_15	Vis	7Networks_LH_Vis_15	11.0	17Networks_LH_VisCent_ExStr_8	VisCent	Schaefer2018N600n7	
16	LH_Vis_16	Vis	7Networks_LH_Vis_16	1.0	17Networks_LH_VisCent_Striate_1	VisCent	Schaefer2018N600n7	
17	LH_Vis_17	Vis	7Networks_LH_Vis_17	29.0	17Networks_LH_VisPeri_ExStrInf_4	VisPeri	Schaefer2018N600n7	
18	LH_Vis_18	Vis	7Networks_LH_Vis_18	12.0	17Networks_LH_VisCent_ExStr_9	VisCent	Schaefer2018N600n7	
19	LH_Vis_19	Vis	7Networks_LH_Vis_19	21.0	17Networks_LH_VisPeri_StriCal_1	VisPeri	Schaefer2018N600n7	
20	LH_Vis_20	Vis	7Networks_LH_Vis_20	22.0	17Networks_LH_VisPeri_StriCal_2	VisPeri	Schaefer2018N600n7	
21	LH_Vis_21	Vis	7Networks_LH_Vis_21	30.0	17Networks_LH_VisPeri_ExStrInf_5	VisPeri	Schaefer2018N600n7	
22	LH_Vis_22	Vis	7Networks_LH_Vis_22	23.0	17Networks_LH_VisPeri_StriCal_3	VisPeri	Schaefer2018N600n7	
23	LH_Vis_23	Vis	7Networks_LH_Vis_23	13.0	17Networks_LH_VisCent_ExStr_10	VisCent	Schaefer2018N600n7	
24	LH_Vis_24	Vis	7Networks_LH_Vis_24	2.0	17Networks_LH_VisCent_Striate_2	VisCent	Schaefer2018N600n7	
25	LH_Vis_25	Vis	7Networks_LH_Vis_25	284.0	17Networks_LH_DefaultC_Rsp_1	DefaultC	Schaefer2018N600n7	
26	LH_Vis_26	Vis	7Networks_LH_Vis_26	3.0	17Networks_LH_VisCent_Striate_3	VisCent	Schaefer2018N600n7	
27	LH_Vis_27	Vis	7Networks_LH_Vis_27	14.0	17Networks_LH_VisCent_ExStr_11	VisCent	Schaefer2018N600n7	
28	LH_Vis_28	Vis	7Networks_LH_Vis_28	24.0	17Networks_LH_VisPeri_StriCal_4	VisPeri	Schaefer2018N600n7	
29	LH_Vis_29	Vis	7Networks_LH_Vis_29	97.0	17Networks_LH_DorsAttnA_ParOcc_1	DorsAttnA	Schaefer2018N600n7	
30	LH_Vis_30	Vis	7Networks_LH_Vis_30	15.0	17Networks_LH_VisCent_ExStr_12	VisCent	Schaefer2018N600n7	
31	LH_Vis_31	Vis	7Networks_LH_Vis_31	31.0	17Networks_LH_VisPeri_ExStrSup_1	VisPeri	Schaefer2018N600n7	
32	LH_Vis_32	Vis	7Networks_LH_Vis_32	98.0	17Networks_LH_DorsAttnA_ParOcc_2	DorsAttnA	Schaefer2018N600n7	
33	LH_Vis_33	Vis	7Networks_LH_Vis_33	25.0	17Networks_LH_VisPeri_StriCal_5	VisPeri	Schaefer2018N600n7	
34	LH_Vis_34	Vis	7Networks_LH_Vis_34	16.0	17Networks_LH_VisCent_ExStr_13	VisCent	Schaefer2018N600n7	
35	LH_Vis_35	Vis	7Networks_LH_Vis_35	17.0	17Networks_LH_VisCent_ExStr_14	VisCent	Schaefer2018N600n7	
36	LH_Vis_36	Vis	7Networks_LH_Vis_36	18.0	17Networks_LH_VisCent_ExStr_15	VisCent	Schaefer2018N600n7	
37	LH_Vis_37	Vis	7Networks_LH_Vis_37	32.0	17Networks_LH_VisPeri_ExStrSup_2	VisPeri	Schaefer2018N600n7	
38	LH_Vis_38	Vis	7Networks_LH_Vis_38	33.0	17Networks_LH_VisPeri_ExStrSup_3	VisPeri	Schaefer2018N600n7	
39	LH_Vis_39	Vis	7Networks_LH_Vis_39	34.0	17Networks_LH_VisPeri_ExStrSup_4	VisPeri	Schaefer2018N600n7	
40	LH_Vis_40	Vis	7Networks_LH_Vis_40	19.0	17Networks_LH_VisCent_ExStr_16	VisCent	Schaefer2018N600n7	
41	LH_Vis_41	Vis	7Networks_LH_Vis_41	35.0	17Networks_LH_VisPeri_ExStrSup_5	VisPeri	Schaefer2018N600n7	
42	LH_Vis_42	Vis	7Networks_LH_Vis_42	36.0	17Networks_LH_VisPeri_ExStrSup_6	VisPeri	Schaefer2018N600n7	
43	LH_Vis_43	Vis	7Networks_LH_Vis_43	20.0	17Networks_LH_VisCent_ExStr_17	VisCent	Schaefer2018N600n7	
44	LH_Vis_44	Vis	7Networks_LH_Vis_44	37.0	17Networks_LH_VisPeri_ExStrSup_7	VisPeri	Schaefer2018N600n7	
45	LH_Vis_45	Vis	7Networks_LH_Vis_45	102.0	17Networks_LH_DorsAttnA_SPL_2	DorsAttnA	Schaefer2018N600n7	
46	LH_SomMot_1	SomMot	7Networks_LH_SomMot_1	84.0	17Networks_LH_SomMotB_Aud_1	SomMotB	Schaefer2018N600n7	
47	LH_SomMot_2	SomMot	7Networks_LH_SomMot_2	85.0	17Networks_LH_SomMotB_Aud_2	SomMotB	Schaefer2018N600n7	
48	LH_SomMot_3	SomMot	7Networks_LH_SomMot_3	86.0	17Networks_LH_SomMotB_Aud_3	SomMotB	Schaefer2018N600n7	
49	LH_SomMot_4	SomMot	7Networks_LH_SomMot_4	87.0	17Networks_LH_SomMotB_Aud_4	SomMotB	Schaefer2018N600n7	
50	LH_SomMot_5	SomMot	7Networks_LH_SomMot_5	297.0	17Networks_LH_TempPar_5	TempPar	Schaefer2018N600n7	
51	LH_SomMot_6	SomMot	7Networks_LH_SomMot_6	88.0	17Networks_LH_SomMotB_Aud_5	SomMotB	Schaefer2018N600n7	
52	LH_SomMot_7	SomMot	7Networks_LH_SomMot_7	75.0	17Networks_LH_SomMotB_S2_1	SomMotB	Schaefer2018N600n7	
53	LH_SomMot_8	SomMot	7Networks_LH_SomMot_8	83.0	17Networks_LH_SomMotB_Ins_1	SomMotB	Schaefer2018N600n7	
54	LH_SomMot_9	SomMot	7Networks_LH_SomMot_9	133.0	17Networks_LH_SalVentAttnA_FrOper_2	SalVentAttnA	Schaefer2018N600n7	
55	LH_SomMot_10	SomMot	7Networks_LH_SomMot_10	76.0	17Networks_LH_SomMotB_S2_2	SomMotB	Schaefer2018N600n7	
56	LH_SomMot_11	SomMot	7Networks_LH_SomMot_11	89.0	17Networks_LH_SomMotB_Aud_6	SomMotB	Schaefer2018N600n7	
57	LH_SomMot_12	SomMot	7Networks_LH_SomMot_12	90.0	17Networks_LH_SomMotB_Aud_7	SomMotB	Schaefer2018N600n7	
58	LH_SomMot_13	SomMot	7Networks_LH_SomMot_13	77.0	17Networks_LH_SomMotB_S2_3	SomMotB	Schaefer2018N600n7	
59	LH_SomMot_14	SomMot	7Networks_LH_SomMot_14	78.0	17Networks_LH_SomMotB_S2_4	SomMotB	Schaefer2018N600n7	
60	LH_SomMot_15	SomMot	7Networks_LH_SomMot_15	79.0	17Networks_LH_SomMotB_S2_5	SomMotB	Schaefer2018N600n7	
61	LH_SomMot_16	SomMot	7Networks_LH_SomMot_16	80.0	17Networks_LH_SomMotB_S2_6	SomMotB	Schaefer2018N600n7	
62	LH_SomMot_17	SomMot	7Networks_LH_SomMot_17	81.0	17Networks_LH_SomMotB_S2_7	SomMotB	Schaefer2018N600n7	
63	LH_SomMot_18	SomMot	7Networks_LH_SomMot_18	82.0	17Networks_LH_SomMotB_S2_8	SomMotB	Schaefer2018N600n7	
64	LH_SomMot_19	SomMot	7Networks_LH_SomMot_19	67.0	17Networks_LH_SomMotB_Cent_1	SomMotB	Schaefer2018N600n7	
65	LH_SomMot_20	SomMot	7Networks_LH_SomMot_20	68.0	17Networks_LH_SomMotB_Cent_2	SomMotB	Schaefer2018N600n7	
66	LH_SomMot_21	SomMot	7Networks_LH_SomMot_21	69.0	17Networks_LH_SomMotB_Cent_3	SomMotB	Schaefer2018N600n7	
67	LH_SomMot_22	SomMot	7Networks_LH_SomMot_22	70.0	17Networks_LH_SomMotB_Cent_4	SomMotB	Schaefer2018N600n7	
68	LH_SomMot_23	SomMot	7Networks_LH_SomMot_23	71.0	17Networks_LH_SomMotB_Cent_5	SomMotB	Schaefer2018N600n7	
69	LH_SomMot_24	SomMot	7Networks_LH_SomMot_24	72.0	17Networks_LH_SomMotB_Cent_6	SomMotB	Schaefer2018N600n7	
70	LH_SomMot_25	SomMot	7Networks_LH_SomMot_25	38.0	17Networks_LH_SomMotA_1	SomMotA	Schaefer2018N600n7	
71	LH_SomMot_26	SomMot	7Networks_LH_SomMot_26	39.0	17Networks_LH_SomMotA_2	SomMotA	Schaefer2018N600n7	
72	LH_SomMot_27	SomMot	7Networks_LH_SomMot_27	73.0	17Networks_LH_SomMotB_Cent_7	SomMotB	Schaefer2018N600n7	
73	LH_SomMot_28	SomMot	7Networks_LH_SomMot_28	74.0	17Networks_LH_SomMotB_Cent_8	SomMotB	Schaefer2018N600n7	
74	LH_SomMot_29	SomMot	7Networks_LH_SomMot_29	40.0	17Networks_LH_SomMotA_3	SomMotA	Schaefer2018N600n7	
75	LH_SomMot_30	SomMot	7Networks_LH_SomMot_30	41.0	17Networks_LH_SomMotA_4	SomMotA	Schaefer2018N600n7	
76	LH_SomMot_31	SomMot	7Networks_LH_SomMot_31	42.0	17Networks_LH_SomMotA_5	SomMotA	Schaefer2018N600n7	
77	LH_SomMot_32	SomMot	7Networks_LH_SomMot_32	43.0	17Networks_LH_SomMotA_6	SomMotA	Schaefer2018N600n7	
78	LH_SomMot_33	SomMot	7Networks_LH_SomMot_33	44.0	17Networks_LH_SomMotA_7	SomMotA	Schaefer2018N600n7	
79	LH_SomMot_34	SomMot	7Networks_LH_SomMot_34	45.0	17Networks_LH_SomMotA_8	SomMotA	Schaefer2018N600n7	
80	LH_SomMot_35	SomMot	7Networks_LH_SomMot_35	46.0	17Networks_LH_SomMotA_9	SomMotA	Schaefer2018N600n7	
81	LH_SomMot_36	SomMot	7Networks_LH_SomMot_36	118.0	17Networks_LH_DorsAttnB_PostC_7	DorsAttnB	Schaefer2018N600n7	
82	LH_SomMot_37	SomMot	7Networks_LH_SomMot_37	47.0	17Networks_LH_SomMotA_10	SomMotA	Schaefer2018N600n7	
83	LH_SomMot_38	SomMot	7Networks_LH_SomMot_38	48.0	17Networks_LH_SomMotA_11	SomMotA	Schaefer2018N600n7	
84	LH_SomMot_39	SomMot	7Networks_LH_SomMot_39	49.0	17Networks_LH_SomMotA_12	SomMotA	Schaefer2018N600n7	
85	LH_SomMot_40	SomMot	7Networks_LH_SomMot_40	50.0	17Networks_LH_SomMotA_13	SomMotA	Schaefer2018N600n7	
86	LH_SomMot_41	SomMot	7Networks_LH_SomMot_41	51.0	17Networks_LH_SomMotA_14	SomMotA	Schaefer2018N600n7	
87	LH_SomMot_42	SomMot	7Networks_LH_SomMot_42	52.0	17Networks_LH_SomMotA_15	SomMotA	Schaefer2018N600n7	
88	LH_SomMot_43	SomMot	7Networks_LH_SomMot_43	53.0	17Networks_LH_SomMotA_16	SomMotA	Schaefer2018N600n7	
89	LH_SomMot_44	SomMot	7Networks_LH_SomMot_44	54.0	17Networks_LH_SomMotA_17	SomMotA	Schaefer2018N600n7	
90	LH_SomMot_45	SomMot	7Networks_LH_SomMot_45	55.0	17Networks_LH_SomMotA_18	SomMotA	Schaefer2018N600n7	
91	LH_SomMot_46	SomMot	7Networks_LH_SomMot_46	56.0	17Networks_LH_SomMotA_19	SomMotA	Schaefer2018N600n7	
92	LH_SomMot_47	SomMot	7Networks_LH_SomMot_47	57.0	17Networks_LH_SomMotA_20	SomMotA	Schaefer2018N600n7	
93	LH_SomMot_48	SomMot	7Networks_LH_SomMot_48	58.0	17Networks_LH_SomMotA_21	SomMotA	Schaefer2018N600n7	
94	LH_SomMot_49	SomMot	7Networks_LH_SomMot_49	59.0	17Networks_LH_SomMotA_22	SomMotA	Schaefer2018N600n7	
95	LH_SomMot_50	SomMot	7Networks_LH_SomMot_50	60.0	17Networks_LH_SomMotA_23	SomMotA	Schaefer2018N600n7	
96	LH_SomMot_51	SomMot	7Networks_LH_SomMot_51	61.0	17Networks_LH_SomMotA_24	SomMotA	Schaefer2018N600n7	
97	LH_SomMot_52	SomMot	7Networks_LH_SomMot_52	62.0	17Networks_LH_SomMotA_25	SomMotA	Schaefer2018N600n7	
98	LH_SomMot_53	SomMot	7Networks_LH_SomMot_53	63.0	17Networks_LH_SomMotA_26	SomMotA	Schaefer2018N600n7	
99	LH_SomMot_54	SomMot	7Networks_LH_SomMot_54	64.0	17Networks_LH_SomMotA_27	SomMotA	Schaefer2018N600n7	
100	LH_SomMot_55	SomMot	7Networks_LH_SomMot_55	65.0	17Networks_LH_SomMotA_28	SomMotA	Schaefer2018N600n7	
101	LH_SomMot_56	SomMot	7Networks_LH_SomMot_56	66.0	17Networks_LH_SomMotA_29	SomMotA	Schaefer2018N600n7	
102	LH_DorsAttn_Post_1	DorsAttn	7Networks_LH_DorsAttn_Post_1	91.0	17Networks_LH_DorsAttnA_TempOcc_1	DorsAttnA	Schaefer2018N600n7	
103	LH_DorsAttn_Post_2	DorsAttn	7Networks_LH_DorsAttn_Post_2	187.0	17Networks_LH_ContA_Temp_1	ContA	Schaefer2018N600n7	
104	LH_DorsAttn_Post_3	DorsAttn	7Networks_LH_DorsAttn_Post_3	93.0	17Networks_LH_DorsAttnA_TempOcc_3	DorsAttnA	Schaefer2018N600n7	
105	LH_DorsAttn_Post_4	DorsAttn	7Networks_LH_DorsAttn_Post_4	95.0	17Networks_LH_DorsAttnA_TempOcc_5	DorsAttnA	Schaefer2018N600n7	
106	LH_DorsAttn_Post_5	DorsAttn	7Networks_LH_DorsAttn_Post_5	188.0	17Networks_LH_ContA_Temp_2	ContA	Schaefer2018N600n7	
107	LH_DorsAttn_Post_6	DorsAttn	7Networks_LH_DorsAttn_Post_6	96.0	17Networks_LH_DorsAttnA_TempOcc_6	DorsAttnA	Schaefer2018N600n7	
108	LH_DorsAttn_Post_7	DorsAttn	7Networks_LH_DorsAttn_Post_7	99.0	17Networks_LH_DorsAttnA_ParOcc_3	DorsAttnA	Schaefer2018N600n7	
109	LH_DorsAttn_Post_8	DorsAttn	7Networks_LH_DorsAttn_Post_8	100.0	17Networks_LH_DorsAttnA_ParOcc_4	DorsAttnA	Schaefer2018N600n7	
110	LH_DorsAttn_Post_9	DorsAttn	7Networks_LH_DorsAttn_Post_9	101.0	17Networks_LH_DorsAttnA_SPL_1	DorsAttnA	Schaefer2018N600n7	
111	LH_DorsAttn_Post_10	DorsAttn	7Networks_LH_DorsAttn_Post_10	103.0	17Networks_LH_DorsAttnA_SPL_3	DorsAttnA	Schaefer2018N600n7	
112	LH_DorsAttn_Post_11	DorsAttn	7Networks_LH_DorsAttn_Post_11	113.0	17Networks_LH_DorsAttnB_PostC_2	DorsAttnB	Schaefer2018N600n7	
113	LH_DorsAttn_Post_12	DorsAttn	7Networks_LH_DorsAttn_Post_12	114.0	17Networks_LH_DorsAttnB_PostC_3	DorsAttnB	Schaefer2018N600n7	
114	LH_DorsAttn_Post_13	DorsAttn	7Networks_LH_DorsAttn_Post_13	104.0	17Networks_LH_DorsAttnA_SPL_4	DorsAttnA	Schaefer2018N600n7	
115	LH_DorsAttn_Post_14	DorsAttn	7Networks_LH_DorsAttn_Post_14	115.0	17Networks_LH_DorsAttnB_PostC_4	DorsAttnB	Schaefer2018N600n7	
116	LH_DorsAttn_Post_15	DorsAttn	7Networks_LH_DorsAttn_Post_15	105.0	17Networks_LH_DorsAttnA_SPL_5	DorsAttnA	Schaefer2018N600n7	
117	LH_DorsAttn_Post_16	DorsAttn	7Networks_LH_DorsAttn_Post_16	194.0	17Networks_LH_ContA_IPS_6	ContA	Schaefer2018N600n7	
118	LH_DorsAttn_Post_17	DorsAttn	7Networks_LH_DorsAttn_Post_17	106.0	17Networks_LH_DorsAttnA_SPL_6	DorsAttnA	Schaefer2018N600n7	
119	LH_DorsAttn_Post_18	DorsAttn	7Networks_LH_DorsAttn_Post_18	116.0	17Networks_LH_DorsAttnB_PostC_5	DorsAttnB	Schaefer2018N600n7	
120	LH_DorsAttn_Post_19	DorsAttn	7Networks_LH_DorsAttn_Post_19	107.0	17Networks_LH_DorsAttnA_SPL_7	DorsAttnA	Schaefer2018N600n7	
121	LH_DorsAttn_Post_20	DorsAttn	7Networks_LH_DorsAttn_Post_20	108.0	17Networks_LH_DorsAttnA_SPL_8	DorsAttnA	Schaefer2018N600n7	
122	LH_DorsAttn_Post_21	DorsAttn	7Networks_LH_DorsAttn_Post_21	223.0	17Networks_LH_ContC_pCun_4	ContC	Schaefer2018N600n7	
123	LH_DorsAttn_Post_22	DorsAttn	7Networks_LH_DorsAttn_Post_22	109.0	17Networks_LH_DorsAttnA_SPL_9	DorsAttnA	Schaefer2018N600n7	
124	LH_DorsAttn_Post_23	DorsAttn	7Networks_LH_DorsAttn_Post_23	117.0	17Networks_LH_DorsAttnB_PostC_6	DorsAttnB	Schaefer2018N600n7	
125	LH_DorsAttn_Post_24	DorsAttn	7Networks_LH_DorsAttn_Post_24	110.0	17Networks_LH_DorsAttnA_SPL_10	DorsAttnA	Schaefer2018N600n7	
126	LH_DorsAttn_Post_25	DorsAttn	7Networks_LH_DorsAttn_Post_25	111.0	17Networks_LH_DorsAttnA_SPL_11	DorsAttnA	Schaefer2018N600n7	
127	LH_DorsAttn_Post_26	DorsAttn	7Networks_LH_DorsAttn_Post_26	119.0	17Networks_LH_DorsAttnB_PostC_8	DorsAttnB	Schaefer2018N600n7	
128	LH_DorsAttn_Post_27	DorsAttn	7Networks_LH_DorsAttn_Post_27	120.0	17Networks_LH_DorsAttnB_PostC_9	DorsAttnB	Schaefer2018N600n7	
129	LH_DorsAttn_Post_28	DorsAttn	7Networks_LH_DorsAttn_Post_28	121.0	17Networks_LH_DorsAttnB_PostC_10	DorsAttnB	Schaefer2018N600n7	
130	LH_DorsAttn_FEF_1	DorsAttn	7Networks_LH_DorsAttn_FEF_1	122.0	17Networks_LH_DorsAttnB_FEF_1	DorsAttnB	Schaefer2018N600n7	
131	LH_DorsAttn_FEF_2	DorsAttn	7Networks_LH_DorsAttn_FEF_2	123.0	17Networks_LH_DorsAttnB_FEF_2	DorsAttnB	Schaefer2018N600n7	
132	LH_DorsAttn_FEF_3	DorsAttn	7Networks_LH_DorsAttn_FEF_3	124.0	17Networks_LH_DorsAttnB_FEF_3	DorsAttnB	Schaefer2018N600n7	
133	LH_DorsAttn_FEF_4	DorsAttn	7Networks_LH_DorsAttn_FEF_4	125.0	17Networks_LH_DorsAttnB_FEF_4	DorsAttnB	Schaefer2018N600n7	
134	LH_DorsAttn_PrCv_1	DorsAttn	7Networks_LH_DorsAttn_PrCv_1	199.0	17Networks_LH_ContA_PFCl_3	ContA	Schaefer2018N600n7	
135	LH_DorsAttn_PrCv_2	DorsAttn	7Networks_LH_DorsAttn_PrCv_2	126.0	17Networks_LH_DorsAttnB_PrCv_1	DorsAttnB	Schaefer2018N600n7	
136	LH_DorsAttn_PrCv_3	DorsAttn	7Networks_LH_DorsAttn_PrCv_3	202.0	17Networks_LH_ContA_PFCl_6	ContA	Schaefer2018N600n7	
137	LH_SalVentAttn_ParOper_1	SalVentAttn	7Networks_LH_SalVentAttn_ParOper_1	127.0	17Networks_LH_SalVentAttnA_ParOper_1	SalVentAttnA	Schaefer2018N600n7	
138	LH_SalVentAttn_ParOper_2	SalVentAttn	7Networks_LH_SalVentAttn_ParOper_2	128.0	17Networks_LH_SalVentAttnA_ParOper_2	SalVentAttnA	Schaefer2018N600n7	
139	LH_SalVentAttn_ParOper_3	SalVentAttn	7Networks_LH_SalVentAttn_ParOper_3	129.0	17Networks_LH_SalVentAttnA_ParOper_3	SalVentAttnA	Schaefer2018N600n7	
140	LH_SalVentAttn_ParOper_4	SalVentAttn	7Networks_LH_SalVentAttn_ParOper_4	130.0	17Networks_LH_SalVentAttnA_ParOper_4	SalVentAttnA	Schaefer2018N600n7	
141	LH_SalVentAttn_ParOper_5	SalVentAttn	7Networks_LH_SalVentAttn_ParOper_5	131.0	17Networks_LH_SalVentAttnA_ParOper_5	SalVentAttnA	Schaefer2018N600n7	
142	LH_SalVentAttn_ParOper_6	SalVentAttn	7Networks_LH_SalVentAttn_ParOper_6	112.0	17Networks_LH_DorsAttnB_PostC_1	DorsAttnB	Schaefer2018N600n7	
143	LH_SalVentAttn_TempOcc_1	SalVentAttn	7Networks_LH_SalVentAttn_TempOcc_1	298.0	17Networks_LH_TempPar_6	TempPar	Schaefer2018N600n7	
144	LH_SalVentAttn_FrOperIns_1	SalVentAttn	7Networks_LH_SalVentAttn_FrOperIns_1	136.0	17Networks_LH_SalVentAttnA_Ins_1	SalVentAttnA	Schaefer2018N600n7	
145	LH_SalVentAttn_FrOperIns_2	SalVentAttn	7Networks_LH_SalVentAttn_FrOperIns_2	137.0	17Networks_LH_SalVentAttnA_Ins_2	SalVentAttnA	Schaefer2018N600n7	
146	LH_SalVentAttn_FrOperIns_3	SalVentAttn	7Networks_LH_SalVentAttn_FrOperIns_3	138.0	17Networks_LH_SalVentAttnA_Ins_3	SalVentAttnA	Schaefer2018N600n7	
147	LH_SalVentAttn_FrOperIns_4	SalVentAttn	7Networks_LH_SalVentAttn_FrOperIns_4	160.0	17Networks_LH_SalVentAttnB_Ins_3	SalVentAttnB	Schaefer2018N600n7	
148	LH_SalVentAttn_FrOperIns_5	SalVentAttn	7Networks_LH_SalVentAttn_FrOperIns_5	139.0	17Networks_LH_SalVentAttnA_Ins_4	SalVentAttnA	Schaefer2018N600n7	
149	LH_SalVentAttn_FrOperIns_6	SalVentAttn	7Networks_LH_SalVentAttn_FrOperIns_6	140.0	17Networks_LH_SalVentAttnA_Ins_5	SalVentAttnA	Schaefer2018N600n7	
150	LH_SalVentAttn_FrOperIns_7	SalVentAttn	7Networks_LH_SalVentAttn_FrOperIns_7	141.0	17Networks_LH_SalVentAttnA_Ins_6	SalVentAttnA	Schaefer2018N600n7	
151	LH_SalVentAttn_FrOperIns_8	SalVentAttn	7Networks_LH_SalVentAttn_FrOperIns_8	132.0	17Networks_LH_SalVentAttnA_FrOper_1	SalVentAttnA	Schaefer2018N600n7	
152	LH_SalVentAttn_FrOperIns_9	SalVentAttn	7Networks_LH_SalVentAttn_FrOperIns_9	161.0	17Networks_LH_SalVentAttnB_Ins_4	SalVentAttnB	Schaefer2018N600n7	
153	LH_SalVentAttn_FrOperIns_10	SalVentAttn	7Networks_LH_SalVentAttn_FrOperIns_10	134.0	17Networks_LH_SalVentAttnA_FrOper_3	SalVentAttnA	Schaefer2018N600n7	
154	LH_SalVentAttn_FrOperIns_11	SalVentAttn	7Networks_LH_SalVentAttn_FrOperIns_11	135.0	17Networks_LH_SalVentAttnA_FrOper_4	SalVentAttnA	Schaefer2018N600n7	
155	LH_SalVentAttn_PFCl_1	SalVentAttn	7Networks_LH_SalVentAttn_PFCl_1	155.0	17Networks_LH_SalVentAttnB_PFCl_2	SalVentAttnB	Schaefer2018N600n7	
156	LH_SalVentAttn_PFCl_2	SalVentAttn	7Networks_LH_SalVentAttn_PFCl_2	156.0	17Networks_LH_SalVentAttnB_PFCl_3	SalVentAttnB	Schaefer2018N600n7	
157	LH_SalVentAttn_Med_1	SalVentAttn	7Networks_LH_SalVentAttn_Med_1	163.0	17Networks_LH_SalVentAttnB_PFCmp_2	SalVentAttnB	Schaefer2018N600n7	
158	LH_SalVentAttn_Med_2	SalVentAttn	7Networks_LH_SalVentAttn_Med_2	148.0	17Networks_LH_SalVentAttnA_FrMed_1	SalVentAttnA	Schaefer2018N600n7	
159	LH_SalVentAttn_Med_3	SalVentAttn	7Networks_LH_SalVentAttn_Med_3	149.0	17Networks_LH_SalVentAttnA_FrMed_2	SalVentAttnA	Schaefer2018N600n7	
160	LH_SalVentAttn_Med_4	SalVentAttn	7Networks_LH_SalVentAttn_Med_4	142.0	17Networks_LH_SalVentAttnA_ParMed_1	SalVentAttnA	Schaefer2018N600n7	
161	LH_SalVentAttn_Med_5	SalVentAttn	7Networks_LH_SalVentAttn_Med_5	143.0	17Networks_LH_SalVentAttnA_ParMed_2	SalVentAttnA	Schaefer2018N600n7	
162	LH_SalVentAttn_Med_6	SalVentAttn	7Networks_LH_SalVentAttn_Med_6	144.0	17Networks_LH_SalVentAttnA_ParMed_3	SalVentAttnA	Schaefer2018N600n7	
163	LH_SalVentAttn_Med_7	SalVentAttn	7Networks_LH_SalVentAttn_Med_7	150.0	17Networks_LH_SalVentAttnA_FrMed_3	SalVentAttnA	Schaefer2018N600n7	
164	LH_SalVentAttn_Med_8	SalVentAttn	7Networks_LH_SalVentAttn_Med_8	145.0	17Networks_LH_SalVentAttnA_ParMed_4	SalVentAttnA	Schaefer2018N600n7	
165	LH_SalVentAttn_Med_9	SalVentAttn	7Networks_LH_SalVentAttn_Med_9	146.0	17Networks_LH_SalVentAttnA_ParMed_5	SalVentAttnA	Schaefer2018N600n7	
166	LH_SalVentAttn_Med_10	SalVentAttn	7Networks_LH_SalVentAttn_Med_10	225.0	17Networks_LH_ContC_pCun_6	ContC	Schaefer2018N600n7	
167	LH_SalVentAttn_Med_11	SalVentAttn	7Networks_LH_SalVentAttn_Med_11	151.0	17Networks_LH_SalVentAttnA_FrMed_4	SalVentAttnA	Schaefer2018N600n7	
168	LH_SalVentAttn_Med_12	SalVentAttn	7Networks_LH_SalVentAttn_Med_12	147.0	17Networks_LH_SalVentAttnA_ParMed_6	SalVentAttnA	Schaefer2018N600n7	
169	LH_SalVentAttn_Med_13	SalVentAttn	7Networks_LH_SalVentAttn_Med_13	153.0	17Networks_LH_SalVentAttnB_PFCd_1	SalVentAttnB	Schaefer2018N600n7	
170	LH_SalVentAttn_Med_14	SalVentAttn	7Networks_LH_SalVentAttn_Med_14	152.0	17Networks_LH_SalVentAttnA_FrMed_5	SalVentAttnA	Schaefer2018N600n7	
171	LH_Limbic_OFC_1	Limbic	7Networks_LH_Limbic_OFC_1	165.0	17Networks_LH_LimbicB_OFC_1	LimbicB	Schaefer2018N600n7	
172	LH_Limbic_OFC_2	Limbic	7Networks_LH_Limbic_OFC_2	166.0	17Networks_LH_LimbicB_OFC_2	LimbicB	Schaefer2018N600n7	
173	LH_Limbic_OFC_3	Limbic	7Networks_LH_Limbic_OFC_3	167.0	17Networks_LH_LimbicB_OFC_3	LimbicB	Schaefer2018N600n7	
174	LH_Limbic_OFC_4	Limbic	7Networks_LH_Limbic_OFC_4	168.0	17Networks_LH_LimbicB_OFC_4	LimbicB	Schaefer2018N600n7	
175	LH_Limbic_OFC_5	Limbic	7Networks_LH_Limbic_OFC_5	169.0	17Networks_LH_LimbicB_OFC_5	LimbicB	Schaefer2018N600n7	
176	LH_Limbic_OFC_6	Limbic	7Networks_LH_Limbic_OFC_6	170.0	17Networks_LH_LimbicB_OFC_6	LimbicB	Schaefer2018N600n7	
177	LH_Limbic_OFC_7	Limbic	7Networks_LH_Limbic_OFC_7	172.0	17Networks_LH_LimbicB_OFC_8	LimbicB	Schaefer2018N600n7	
178	LH_Limbic_OFC_8	Limbic	7Networks_LH_Limbic_OFC_8	173.0	17Networks_LH_LimbicB_OFC_9	LimbicB	Schaefer2018N600n7	
179	LH_Limbic_TempPole_1	Limbic	7Networks_LH_Limbic_TempPole_1	175.0	17Networks_LH_LimbicA_TempPole_1	LimbicA	Schaefer2018N600n7	
180	LH_Limbic_TempPole_2	Limbic	7Networks_LH_Limbic_TempPole_2	176.0	17Networks_LH_LimbicA_TempPole_2	LimbicA	Schaefer2018N600n7	
181	LH_Limbic_TempPole_3	Limbic	7Networks_LH_Limbic_TempPole_3	177.0	17Networks_LH_LimbicA_TempPole_3	LimbicA	Schaefer2018N600n7	
182	LH_Limbic_TempPole_4	Limbic	7Networks_LH_Limbic_TempPole_4	178.0	17Networks_LH_LimbicA_TempPole_4	LimbicA	Schaefer2018N600n7	
183	LH_Limbic_TempPole_5	Limbic	7Networks_LH_Limbic_TempPole_5	179.0	17Networks_LH_LimbicA_TempPole_5	LimbicA	Schaefer2018N600n7	
184	LH_Limbic_TempPole_6	Limbic	7Networks_LH_Limbic_TempPole_6	180.0	17Networks_LH_LimbicA_TempPole_6	LimbicA	Schaefer2018N600n7	
185	LH_Limbic_TempPole_7	Limbic	7Networks_LH_Limbic_TempPole_7	181.0	17Networks_LH_LimbicA_TempPole_7	LimbicA	Schaefer2018N600n7	
186	LH_Limbic_TempPole_8	Limbic	7Networks_LH_Limbic_TempPole_8	182.0	17Networks_LH_LimbicA_TempPole_8	LimbicA	Schaefer2018N600n7	
187	LH_Limbic_TempPole_9	Limbic	7Networks_LH_Limbic_TempPole_9	183.0	17Networks_LH_LimbicA_TempPole_9	LimbicA	Schaefer2018N600n7	
188	LH_Limbic_TempPole_10	Limbic	7Networks_LH_Limbic_TempPole_10	184.0	17Networks_LH_LimbicA_TempPole_10	LimbicA	Schaefer2018N600n7	
189	LH_Limbic_TempPole_11	Limbic	7Networks_LH_Limbic_TempPole_11	288.0	17Networks_LH_DefaultC_PHC_1	DefaultC	Schaefer2018N600n7	
190	LH_Limbic_TempPole_12	Limbic	7Networks_LH_Limbic_TempPole_12	289.0	17Networks_LH_DefaultC_PHC_2	DefaultC	Schaefer2018N600n7	
191	LH_Limbic_TempPole_13	Limbic	7Networks_LH_Limbic_TempPole_13	185.0	17Networks_LH_LimbicA_TempPole_11	LimbicA	Schaefer2018N600n7	
192	LH_Limbic_TempPole_14	Limbic	7Networks_LH_Limbic_TempPole_14	186.0	17Networks_LH_LimbicA_TempPole_12	LimbicA	Schaefer2018N600n7	
193	LH_Cont_Par_1	Cont	7Networks_LH_Cont_Par_1	189.0	17Networks_LH_ContA_IPS_1	ContA	Schaefer2018N600n7	
194	LH_Cont_Par_2	Cont	7Networks_LH_Cont_Par_2	190.0	17Networks_LH_ContA_IPS_2	ContA	Schaefer2018N600n7	
195	LH_Cont_Par_3	Cont	7Networks_LH_Cont_Par_3	209.0	17Networks_LH_ContB_IPL_2	ContB	Schaefer2018N600n7	
196	LH_Cont_Par_4	Cont	7Networks_LH_Cont_Par_4	210.0	17Networks_LH_ContB_IPL_3	ContB	Schaefer2018N600n7	
197	LH_Cont_Par_5	Cont	7Networks_LH_Cont_Par_5	211.0	17Networks_LH_ContB_IPL_4	ContB	Schaefer2018N600n7	
198	LH_Cont_Par_6	Cont	7Networks_LH_Cont_Par_6	212.0	17Networks_LH_ContB_IPL_5	ContB	Schaefer2018N600n7	
199	LH_Cont_Par_7	Cont	7Networks_LH_Cont_Par_7	191.0	17Networks_LH_ContA_IPS_3	ContA	Schaefer2018N600n7	
200	LH_Cont_Par_8	Cont	7Networks_LH_Cont_Par_8	192.0	17Networks_LH_ContA_IPS_4	ContA	Schaefer2018N600n7	
201	LH_Cont_Par_9	Cont	7Networks_LH_Cont_Par_9	193.0	17Networks_LH_ContA_IPS_5	ContA	Schaefer2018N600n7	
202	LH_Cont_Temp_1	Cont	7Networks_LH_Cont_Temp_1	207.0	17Networks_LH_ContB_Temp_2	ContB	Schaefer2018N600n7	
203	LH_Cont_PFCd_1	Cont	7Networks_LH_Cont_PFCd_1	195.0	17Networks_LH_ContA_PFCd_1	ContA	Schaefer2018N600n7	
204	LH_Cont_PFCd_2	Cont	7Networks_LH_Cont_PFCd_2	196.0	17Networks_LH_ContA_PFCd_2	ContA	Schaefer2018N600n7	
205	LH_Cont_OFC_1	Cont	7Networks_LH_Cont_OFC_1	171.0	17Networks_LH_LimbicB_OFC_7	LimbicB	Schaefer2018N600n7	
206	LH_Cont_PFCl_1	Cont	7Networks_LH_Cont_PFCl_1	216.0	17Networks_LH_ContB_PFClv_1	ContB	Schaefer2018N600n7	
207	LH_Cont_PFCl_2	Cont	7Networks_LH_Cont_PFCl_2	280.0	17Networks_LH_DefaultB_PFCv_6	DefaultB	Schaefer2018N600n7	
208	LH_Cont_PFCl_3	Cont	7Networks_LH_Cont_PFCl_3	203.0	17Networks_LH_ContA_PFClv_1	ContA	Schaefer2018N600n7	
209	LH_Cont_PFCl_4	Cont	7Networks_LH_Cont_PFCl_4	218.0	17Networks_LH_ContB_PFClv_3	ContB	Schaefer2018N600n7	
210	LH_Cont_PFCl_5	Cont	7Networks_LH_Cont_PFCl_5	204.0	17Networks_LH_ContA_PFClv_2	ContA	Schaefer2018N600n7	
211	LH_Cont_PFCl_6	Cont	7Networks_LH_Cont_PFCl_6	197.0	17Networks_LH_ContA_PFCl_1	ContA	Schaefer2018N600n7	
212	LH_Cont_PFCl_7	Cont	7Networks_LH_Cont_PFCl_7	198.0	17Networks_LH_ContA_PFCl_2	ContA	Schaefer2018N600n7	
213	LH_Cont_PFCl_8	Cont	7Networks_LH_Cont_PFCl_8	154.0	17Networks_LH_SalVentAttnB_PFCl_1	SalVentAttnB	Schaefer2018N600n7	
214	LH_Cont_PFCl_9	Cont	7Networks_LH_Cont_PFCl_9	200.0	17Networks_LH_ContA_PFCl_4	ContA	Schaefer2018N600n7	
215	LH_Cont_PFCl_10	Cont	7Networks_LH_Cont_PFCl_10	201.0	17Networks_LH_ContA_PFCl_5	ContA	Schaefer2018N600n7	
216	LH_Cont_PFCl_11	Cont	7Networks_LH_Cont_PFCl_11	157.0	17Networks_LH_SalVentAttnB_PFCl_4	SalVentAttnB	Schaefer2018N600n7	
217	LH_Cont_PFCl_12	Cont	7Networks_LH_Cont_PFCl_12	214.0	17Networks_LH_ContB_PFCl_1	ContB	Schaefer2018N600n7	
218	LH_Cont_PFCl_13	Cont	7Networks_LH_Cont_PFCl_13	215.0	17Networks_LH_ContB_PFCl_2	ContB	Schaefer2018N600n7	
219	LH_Cont_PFCv_1	Cont	7Networks_LH_Cont_PFCv_1	158.0	17Networks_LH_SalVentAttnB_Ins_1	SalVentAttnB	Schaefer2018N600n7	
220	LH_Cont_PFCv_2	Cont	7Networks_LH_Cont_PFCv_2	159.0	17Networks_LH_SalVentAttnB_Ins_2	SalVentAttnB	Schaefer2018N600n7	
221	LH_Cont_pCun_1	Cont	7Networks_LH_Cont_pCun_1	221.0	17Networks_LH_ContC_pCun_2	ContC	Schaefer2018N600n7	
222	LH_Cont_pCun_2	Cont	7Networks_LH_Cont_pCun_2	224.0	17Networks_LH_ContC_pCun_5	ContC	Schaefer2018N600n7	
223	LH_Cont_Cing_1	Cont	7Networks_LH_Cont_Cing_1	226.0	17Networks_LH_ContC_Cingp_1	ContC	Schaefer2018N600n7	
224	LH_Cont_Cing_2	Cont	7Networks_LH_Cont_Cing_2	162.0	17Networks_LH_SalVentAttnB_PFCmp_1	SalVentAttnB	Schaefer2018N600n7	
225	LH_Cont_Cing_3	Cont	7Networks_LH_Cont_Cing_3	227.0	17Networks_LH_ContC_Cingp_2	ContC	Schaefer2018N600n7	
226	LH_Cont_Cing_4	Cont	7Networks_LH_Cont_Cing_4	205.0	17Networks_LH_ContA_Cingm_1	ContA	Schaefer2018N600n7	
227	LH_Cont_PFCmp_1	Cont	7Networks_LH_Cont_PFCmp_1	219.0	17Networks_LH_ContB_PFCmp_1	ContB	Schaefer2018N600n7	
228	LH_Cont_PFCmp_2	Cont	7Networks_LH_Cont_PFCmp_2	164.0	17Networks_LH_SalVentAttnB_PFCmp_3	SalVentAttnB	Schaefer2018N600n7	
229	LH_Default_Temp_1	Default	7Networks_LH_Default_Temp_1	255.0	17Networks_LH_DefaultB_Temp_1	DefaultB	Schaefer2018N600n7	
230	LH_Default_Temp_2	Default	7Networks_LH_Default_Temp_2	256.0	17Networks_LH_DefaultB_Temp_2	DefaultB	Schaefer2018N600n7	
231	LH_Default_Temp_3	Default	7Networks_LH_Default_Temp_3	257.0	17Networks_LH_DefaultB_Temp_3	DefaultB	Schaefer2018N600n7	
232	LH_Default_Temp_4	Default	7Networks_LH_Default_Temp_4	206.0	17Networks_LH_ContB_Temp_1	ContB	Schaefer2018N600n7	
233	LH_Default_Temp_5	Default	7Networks_LH_Default_Temp_5	258.0	17Networks_LH_DefaultB_Temp_4	DefaultB	Schaefer2018N600n7	
234	LH_Default_Temp_6	Default	7Networks_LH_Default_Temp_6	293.0	17Networks_LH_TempPar_1	TempPar	Schaefer2018N600n7	
235	LH_Default_Temp_7	Default	7Networks_LH_Default_Temp_7	259.0	17Networks_LH_DefaultB_Temp_5	DefaultB	Schaefer2018N600n7	
236	LH_Default_Temp_8	Default	7Networks_LH_Default_Temp_8	260.0	17Networks_LH_DefaultB_Temp_6	DefaultB	Schaefer2018N600n7	
237	LH_Default_Temp_9	Default	7Networks_LH_Default_Temp_9	294.0	17Networks_LH_TempPar_2	TempPar	Schaefer2018N600n7	
238	LH_Default_Temp_10	Default	7Networks_LH_Default_Temp_10	261.0	17Networks_LH_DefaultB_Temp_7	DefaultB	Schaefer2018N600n7	
239	LH_Default_Temp_11	Default	7Networks_LH_Default_Temp_11	295.0	17Networks_LH_TempPar_3	TempPar	Schaefer2018N600n7	
240	LH_Default_Temp_12	Default	7Networks_LH_Default_Temp_12	296.0	17Networks_LH_TempPar_4	TempPar	Schaefer2018N600n7	
241	LH_Default_Par_1	Default	7Networks_LH_Default_Par_1	299.0	17Networks_LH_TempPar_7	TempPar	Schaefer2018N600n7	
242	LH_Default_Par_2	Default	7Networks_LH_Default_Par_2	262.0	17Networks_LH_DefaultB_IPL_1	DefaultB	Schaefer2018N600n7	
243	LH_Default_Par_3	Default	7Networks_LH_Default_Par_3	300.0	17Networks_LH_TempPar_8	TempPar	Schaefer2018N600n7	
244	LH_Default_Par_4	Default	7Networks_LH_Default_Par_4	282.0	17Networks_LH_DefaultC_IPL_1	DefaultC	Schaefer2018N600n7	
245	LH_Default_Par_5	Default	7Networks_LH_Default_Par_5	228.0	17Networks_LH_DefaultA_IPL_1	DefaultA	Schaefer2018N600n7	
246	LH_Default_Par_6	Default	7Networks_LH_Default_Par_6	263.0	17Networks_LH_DefaultB_IPL_2	DefaultB	Schaefer2018N600n7	
247	LH_Default_Par_7	Default	7Networks_LH_Default_Par_7	283.0	17Networks_LH_DefaultC_IPL_2	DefaultC	Schaefer2018N600n7	
248	LH_Default_Par_8	Default	7Networks_LH_Default_Par_8	264.0	17Networks_LH_DefaultB_IPL_3	DefaultB	Schaefer2018N600n7	
249	LH_Default_Par_9	Default	7Networks_LH_Default_Par_9	229.0	17Networks_LH_DefaultA_IPL_2	DefaultA	Schaefer2018N600n7	
250	LH_Default_Par_10	Default	7Networks_LH_Default_Par_10	265.0	17Networks_LH_DefaultB_IPL_4	DefaultB	Schaefer2018N600n7	
251	LH_Default_Par_11	Default	7Networks_LH_Default_Par_11	230.0	17Networks_LH_DefaultA_IPL_3	DefaultA	Schaefer2018N600n7	
252	LH_Default_Par_12	Default	7Networks_LH_Default_Par_12	208.0	17Networks_LH_ContB_IPL_1	ContB	Schaefer2018N600n7	
253	LH_Default_Par_13	Default	7Networks_LH_Default_Par_13	231.0	17Networks_LH_DefaultA_IPL_4	DefaultA	Schaefer2018N600n7	
254	LH_Default_PFC_1	Default	7Networks_LH_Default_PFC_1	275.0	17Networks_LH_DefaultB_PFCv_1	DefaultB	Schaefer2018N600n7	
255	LH_Default_PFC_2	Default	7Networks_LH_Default_PFC_2	276.0	17Networks_LH_DefaultB_PFCv_2	DefaultB	Schaefer2018N600n7	
256	LH_Default_PFC_3	Default	7Networks_LH_Default_PFC_3	277.0	17Networks_LH_DefaultB_PFCv_3	DefaultB	Schaefer2018N600n7	
257	LH_Default_PFC_4	Default	7Networks_LH_Default_PFC_4	247.0	17Networks_LH_DefaultA_PFCm_1	DefaultA	Schaefer2018N600n7	
258	LH_Default_PFC_5	Default	7Networks_LH_Default_PFC_5	278.0	17Networks_LH_DefaultB_PFCv_4	DefaultB	Schaefer2018N600n7	
259	LH_Default_PFC_6	Default	7Networks_LH_Default_PFC_6	248.0	17Networks_LH_DefaultA_PFCm_2	DefaultA	Schaefer2018N600n7	
260	LH_Default_PFC_7	Default	7Networks_LH_Default_PFC_7	174.0	17Networks_LH_LimbicB_OFC_10	LimbicB	Schaefer2018N600n7	
261	LH_Default_PFC_8	Default	7Networks_LH_Default_PFC_8	217.0	17Networks_LH_ContB_PFClv_2	ContB	Schaefer2018N600n7	
262	LH_Default_PFC_9	Default	7Networks_LH_Default_PFC_9	279.0	17Networks_LH_DefaultB_PFCv_5	DefaultB	Schaefer2018N600n7	
263	LH_Default_PFC_10	Default	7Networks_LH_Default_PFC_10	249.0	17Networks_LH_DefaultA_PFCm_3	DefaultA	Schaefer2018N600n7	
264	LH_Default_PFC_11	Default	7Networks_LH_Default_PFC_11	250.0	17Networks_LH_DefaultA_PFCm_4	DefaultA	Schaefer2018N600n7	
265	LH_Default_PFC_12	Default	7Networks_LH_Default_PFC_12	281.0	17Networks_LH_DefaultB_PFCv_7	DefaultB	Schaefer2018N600n7	
266	LH_Default_PFC_13	Default	7Networks_LH_Default_PFC_13	251.0	17Networks_LH_DefaultA_PFCm_5	DefaultA	Schaefer2018N600n7	
267	LH_Default_PFC_14	Default	7Networks_LH_Default_PFC_14	252.0	17Networks_LH_DefaultA_PFCm_6	DefaultA	Schaefer2018N600n7	
268	LH_Default_PFC_15	Default	7Networks_LH_Default_PFC_15	253.0	17Networks_LH_DefaultA_PFCm_7	DefaultA	Schaefer2018N600n7	
269	LH_Default_PFC_16	Default	7Networks_LH_Default_PFC_16	266.0	17Networks_LH_DefaultB_PFCd_1	DefaultB	Schaefer2018N600n7	
270	LH_Default_PFC_17	Default	7Networks_LH_Default_PFC_17	254.0	17Networks_LH_DefaultA_PFCm_8	DefaultA	Schaefer2018N600n7	
271	LH_Default_PFC_18	Default	7Networks_LH_Default_PFC_18	267.0	17Networks_LH_DefaultB_PFCd_2	DefaultB	Schaefer2018N600n7	
272	LH_Default_PFC_19	Default	7Networks_LH_Default_PFC_19	268.0	17Networks_LH_DefaultB_PFCd_3	DefaultB	Schaefer2018N600n7	
273	LH_Default_PFC_20	Default	7Networks_LH_Default_PFC_20	232.0	17Networks_LH_DefaultA_PFCd_1	DefaultA	Schaefer2018N600n7	
274	LH_Default_PFC_21	Default	7Networks_LH_Default_PFC_21	269.0	17Networks_LH_DefaultB_PFCd_4	DefaultB	Schaefer2018N600n7	
275	LH_Default_PFC_22	Default	7Networks_LH_Default_PFC_22	233.0	17Networks_LH_DefaultA_PFCd_2	DefaultA	Schaefer2018N600n7	
276	LH_Default_PFC_23	Default	7Networks_LH_Default_PFC_23	273.0	17Networks_LH_DefaultB_PFCl_1	DefaultB	Schaefer2018N600n7	
277	LH_Default_PFC_24	Default	7Networks_LH_Default_PFC_24	274.0	17Networks_LH_DefaultB_PFCl_2	DefaultB	Schaefer2018N600n7	
278	LH_Default_PFC_25	Default	7Networks_LH_Default_PFC_25	270.0	17Networks_LH_DefaultB_PFCd_5	DefaultB	Schaefer2018N600n7	
279	LH_Default_PFC_26	Default	7Networks_LH_Default_PFC_26	213.0	17Networks_LH_ContB_PFCd_1	ContB	Schaefer2018N600n7	
280	LH_Default_PFC_27	Default	7Networks_LH_Default_PFC_27	234.0	17Networks_LH_DefaultA_PFCd_3	DefaultA	Schaefer2018N600n7	
281	LH_Default_PFC_28	Default	7Networks_LH_Default_PFC_28	271.0	17Networks_LH_DefaultB_PFCd_6	DefaultB	Schaefer2018N600n7	
282	LH_Default_PFC_29	Default	7Networks_LH_Default_PFC_29	272.0	17Networks_LH_DefaultB_PFCd_7	DefaultB	Schaefer2018N600n7	
283	LH_Default_pCunPCC_1	Default	7Networks_LH_Default_pCunPCC_1	285.0	17Networks_LH_DefaultC_Rsp_2	DefaultC	Schaefer2018N600n7	
284	LH_Default_pCunPCC_2	Default	7Networks_LH_Default_pCunPCC_2	235.0	17Networks_LH_DefaultA_pCunPCC_1	DefaultA	Schaefer2018N600n7	
285	LH_Default_pCunPCC_3	Default	7Networks_LH_Default_pCunPCC_3	286.0	17Networks_LH_DefaultC_Rsp_3	DefaultC	Schaefer2018N600n7	
286	LH_Default_pCunPCC_4	Default	7Networks_LH_Default_pCunPCC_4	236.0	17Networks_LH_DefaultA_pCunPCC_2	DefaultA	Schaefer2018N600n7	
287	LH_Default_pCunPCC_5	Default	7Networks_LH_Default_pCunPCC_5	287.0	17Networks_LH_DefaultC_Rsp_4	DefaultC	Schaefer2018N600n7	
288	LH_Default_pCunPCC_6	Default	7Networks_LH_Default_pCunPCC_6	237.0	17Networks_LH_DefaultA_pCunPCC_3	DefaultA	Schaefer2018N600n7	
289	LH_Default_pCunPCC_7	Default	7Networks_LH_Default_pCunPCC_7	238.0	17Networks_LH_DefaultA_pCunPCC_4	DefaultA	Schaefer2018N600n7	
290	LH_Default_pCunPCC_8	Default	7Networks_LH_Default_pCunPCC_8	239.0	17Networks_LH_DefaultA_pCunPCC_5	DefaultA	Schaefer2018N600n7	
291	LH_Default_pCunPCC_9	Default	7Networks_LH_Default_pCunPCC_9	220.0	17Networks_LH_ContC_pCun_1	ContC	Schaefer2018N600n7	
292	LH_Default_pCunPCC_10	Default	7Networks_LH_Default_pCunPCC_10	240.0	17Networks_LH_DefaultA_pCunPCC_6	DefaultA	Schaefer2018N600n7	
293	LH_Default_pCunPCC_11	Default	7Networks_LH_Default_pCunPCC_11	241.0	17Networks_LH_DefaultA_pCunPCC_7	DefaultA	Schaefer2018N600n7	
294	LH_Default_pCunPCC_12	Default	7Networks_LH_Default_pCunPCC_12	242.0	17Networks_LH_DefaultA_pCunPCC_8	DefaultA	Schaefer2018N600n7	
295	LH_Default_pCunPCC_13	Default	7Networks_LH_Default_pCunPCC_13	243.0	17Networks_LH_DefaultA_pCunPCC_9	DefaultA	Schaefer2018N600n7	
296	LH_Default_pCunPCC_14	Default	7Networks_LH_Default_pCunPCC_14	244.0	17Networks_LH_DefaultA_pCunPCC_10	DefaultA	Schaefer2018N600n7	
297	LH_Default_pCunPCC_15	Default	7Networks_LH_Default_pCunPCC_15	222.0	17Networks_LH_ContC_pCun_3	ContC	Schaefer2018N600n7	
298	LH_Default_pCunPCC_16	Default	7Networks_LH_Default_pCunPCC_16	245.0	17Networks_LH_DefaultA_pCunPCC_11	DefaultA	Schaefer2018N600n7	
299	LH_Default_pCunPCC_17	Default	7Networks_LH_Default_pCunPCC_17	246.0	17Networks_LH_DefaultA_pCunPCC_12	DefaultA	Schaefer2018N600n7	
300	LH_Default_PHC_1	Default	7Networks_LH_Default_PHC_1	291.0	17Networks_LH_DefaultC_PHC_4	DefaultC	Schaefer2018N600n7	
301	RH_Vis_1	Vis	7Networks_RH_Vis_1	586.0	17Networks_RH_DefaultC_PHC_2	DefaultC	Schaefer2018N600n7	
302	RH_Vis_2	Vis	7Networks_RH_Vis_2	304.0	17Networks_RH_VisCent_ExStr_1	VisCent	Schaefer2018N600n7	
303	RH_Vis_3	Vis	7Networks_RH_Vis_3	305.0	17Networks_RH_VisCent_ExStr_2	VisCent	Schaefer2018N600n7	
304	RH_Vis_4	Vis	7Networks_RH_Vis_4	306.0	17Networks_RH_VisCent_ExStr_3	VisCent	Schaefer2018N600n7	
305	RH_Vis_5	Vis	7Networks_RH_Vis_5	307.0	17Networks_RH_VisCent_ExStr_4	VisCent	Schaefer2018N600n7	
306	RH_Vis_6	Vis	7Networks_RH_Vis_6	326.0	17Networks_RH_VisPeri_ExStrInf_1	VisPeri	Schaefer2018N600n7	
307	RH_Vis_7	Vis	7Networks_RH_Vis_7	308.0	17Networks_RH_VisCent_ExStr_5	VisCent	Schaefer2018N600n7	
308	RH_Vis_8	Vis	7Networks_RH_Vis_8	587.0	17Networks_RH_DefaultC_PHC_3	DefaultC	Schaefer2018N600n7	
309	RH_Vis_9	Vis	7Networks_RH_Vis_9	309.0	17Networks_RH_VisCent_ExStr_6	VisCent	Schaefer2018N600n7	
310	RH_Vis_10	Vis	7Networks_RH_Vis_10	310.0	17Networks_RH_VisCent_ExStr_7	VisCent	Schaefer2018N600n7	
311	RH_Vis_11	Vis	7Networks_RH_Vis_11	311.0	17Networks_RH_VisCent_ExStr_8	VisCent	Schaefer2018N600n7	
312	RH_Vis_12	Vis	7Networks_RH_Vis_12	385.0	17Networks_RH_DorsAttnA_TempOcc_3	DorsAttnA	Schaefer2018N600n7	
313	RH_Vis_13	Vis	7Networks_RH_Vis_13	327.0	17Networks_RH_VisPeri_ExStrInf_2	VisPeri	Schaefer2018N600n7	
314	RH_Vis_14	Vis	7Networks_RH_Vis_14	328.0	17Networks_RH_VisPeri_ExStrInf_3	VisPeri	Schaefer2018N600n7	
315	RH_Vis_15	Vis	7Networks_RH_Vis_15	301.0	17Networks_RH_VisCent_Striate_1	VisCent	Schaefer2018N600n7	
316	RH_Vis_16	Vis	7Networks_RH_Vis_16	329.0	17Networks_RH_VisPeri_ExStrInf_4	VisPeri	Schaefer2018N600n7	
317	RH_Vis_17	Vis	7Networks_RH_Vis_17	312.0	17Networks_RH_VisCent_ExStr_9	VisCent	Schaefer2018N600n7	
318	RH_Vis_18	Vis	7Networks_RH_Vis_18	322.0	17Networks_RH_VisPeri_StriCal_1	VisPeri	Schaefer2018N600n7	
319	RH_Vis_19	Vis	7Networks_RH_Vis_19	313.0	17Networks_RH_VisCent_ExStr_10	VisCent	Schaefer2018N600n7	
320	RH_Vis_20	Vis	7Networks_RH_Vis_20	330.0	17Networks_RH_VisPeri_ExStrInf_5	VisPeri	Schaefer2018N600n7	
321	RH_Vis_21	Vis	7Networks_RH_Vis_21	323.0	17Networks_RH_VisPeri_StriCal_2	VisPeri	Schaefer2018N600n7	
322	RH_Vis_22	Vis	7Networks_RH_Vis_22	582.0	17Networks_RH_DefaultC_Rsp_1	DefaultC	Schaefer2018N600n7	
323	RH_Vis_23	Vis	7Networks_RH_Vis_23	302.0	17Networks_RH_VisCent_Striate_2	VisCent	Schaefer2018N600n7	
324	RH_Vis_24	Vis	7Networks_RH_Vis_24	303.0	17Networks_RH_VisCent_Striate_3	VisCent	Schaefer2018N600n7	
325	RH_Vis_25	Vis	7Networks_RH_Vis_25	386.0	17Networks_RH_DorsAttnA_ParOcc_1	DorsAttnA	Schaefer2018N600n7	
326	RH_Vis_26	Vis	7Networks_RH_Vis_26	314.0	17Networks_RH_VisCent_ExStr_11	VisCent	Schaefer2018N600n7	
327	RH_Vis_27	Vis	7Networks_RH_Vis_27	324.0	17Networks_RH_VisPeri_StriCal_3	VisPeri	Schaefer2018N600n7	
328	RH_Vis_28	Vis	7Networks_RH_Vis_28	315.0	17Networks_RH_VisCent_ExStr_12	VisCent	Schaefer2018N600n7	
329	RH_Vis_29	Vis	7Networks_RH_Vis_29	325.0	17Networks_RH_VisPeri_StriCal_4	VisPeri	Schaefer2018N600n7	
330	RH_Vis_30	Vis	7Networks_RH_Vis_30	316.0	17Networks_RH_VisCent_ExStr_13	VisCent	Schaefer2018N600n7	
331	RH_Vis_31	Vis	7Networks_RH_Vis_31	331.0	17Networks_RH_VisPeri_ExStrSup_1	VisPeri	Schaefer2018N600n7	
332	RH_Vis_32	Vis	7Networks_RH_Vis_32	317.0	17Networks_RH_VisCent_ExStr_14	VisCent	Schaefer2018N600n7	
333	RH_Vis_33	Vis	7Networks_RH_Vis_33	318.0	17Networks_RH_VisCent_ExStr_15	VisCent	Schaefer2018N600n7	
334	RH_Vis_34	Vis	7Networks_RH_Vis_34	319.0	17Networks_RH_VisCent_ExStr_16	VisCent	Schaefer2018N600n7	
335	RH_Vis_35	Vis	7Networks_RH_Vis_35	332.0	17Networks_RH_VisPeri_ExStrSup_2	VisPeri	Schaefer2018N600n7	
336	RH_Vis_36	Vis	7Networks_RH_Vis_36	333.0	17Networks_RH_VisPeri_ExStrSup_3	VisPeri	Schaefer2018N600n7	
337	RH_Vis_37	Vis	7Networks_RH_Vis_37	334.0	17Networks_RH_VisPeri_ExStrSup_4	VisPeri	Schaefer2018N600n7	
338	RH_Vis_38	Vis	7Networks_RH_Vis_38	389.0	17Networks_RH_DorsAttnA_ParOcc_4	DorsAttnA	Schaefer2018N600n7	
339	RH_Vis_39	Vis	7Networks_RH_Vis_39	528.0	17Networks_RH_ContC_pCun_1	ContC	Schaefer2018N600n7	
340	RH_Vis_40	Vis	7Networks_RH_Vis_40	320.0	17Networks_RH_VisCent_ExStr_17	VisCent	Schaefer2018N600n7	
341	RH_Vis_41	Vis	7Networks_RH_Vis_41	335.0	17Networks_RH_VisPeri_ExStrSup_5	VisPeri	Schaefer2018N600n7	
342	RH_Vis_42	Vis	7Networks_RH_Vis_42	321.0	17Networks_RH_VisCent_ExStr_18	VisCent	Schaefer2018N600n7	
343	RH_Vis_43	Vis	7Networks_RH_Vis_43	336.0	17Networks_RH_VisPeri_ExStrSup_6	VisPeri	Schaefer2018N600n7	
344	RH_Vis_44	Vis	7Networks_RH_Vis_44	391.0	17Networks_RH_DorsAttnA_SPL_2	DorsAttnA	Schaefer2018N600n7	
345	RH_SomMot_1	SomMot	7Networks_RH_SomMot_1	379.0	17Networks_RH_SomMotB_Aud_1	SomMotB	Schaefer2018N600n7	
346	RH_SomMot_2	SomMot	7Networks_RH_SomMot_2	591.0	17Networks_RH_TempPar_4	TempPar	Schaefer2018N600n7	
347	RH_SomMot_3	SomMot	7Networks_RH_SomMot_3	380.0	17Networks_RH_SomMotB_Aud_2	SomMotB	Schaefer2018N600n7	
348	RH_SomMot_4	SomMot	7Networks_RH_SomMot_4	593.0	17Networks_RH_TempPar_6	TempPar	Schaefer2018N600n7	
349	RH_SomMot_5	SomMot	7Networks_RH_SomMot_5	378.0	17Networks_RH_SomMotB_Ins_1	SomMotB	Schaefer2018N600n7	
350	RH_SomMot_6	SomMot	7Networks_RH_SomMot_6	370.0	17Networks_RH_SomMotB_S2_1	SomMotB	Schaefer2018N600n7	
351	RH_SomMot_7	SomMot	7Networks_RH_SomMot_7	381.0	17Networks_RH_SomMotB_Aud_3	SomMotB	Schaefer2018N600n7	
352	RH_SomMot_8	SomMot	7Networks_RH_SomMot_8	371.0	17Networks_RH_SomMotB_S2_2	SomMotB	Schaefer2018N600n7	
353	RH_SomMot_9	SomMot	7Networks_RH_SomMot_9	382.0	17Networks_RH_SomMotB_Aud_4	SomMotB	Schaefer2018N600n7	
354	RH_SomMot_10	SomMot	7Networks_RH_SomMot_10	427.0	17Networks_RH_SalVentAttnA_FrOper_2	SalVentAttnA	Schaefer2018N600n7	
355	RH_SomMot_11	SomMot	7Networks_RH_SomMot_11	598.0	17Networks_RH_TempPar_11	TempPar	Schaefer2018N600n7	
356	RH_SomMot_12	SomMot	7Networks_RH_SomMot_12	372.0	17Networks_RH_SomMotB_S2_3	SomMotB	Schaefer2018N600n7	
357	RH_SomMot_13	SomMot	7Networks_RH_SomMot_13	373.0	17Networks_RH_SomMotB_S2_4	SomMotB	Schaefer2018N600n7	
358	RH_SomMot_14	SomMot	7Networks_RH_SomMot_14	374.0	17Networks_RH_SomMotB_S2_5	SomMotB	Schaefer2018N600n7	
359	RH_SomMot_15	SomMot	7Networks_RH_SomMot_15	375.0	17Networks_RH_SomMotB_S2_6	SomMotB	Schaefer2018N600n7	
360	RH_SomMot_16	SomMot	7Networks_RH_SomMot_16	376.0	17Networks_RH_SomMotB_S2_7	SomMotB	Schaefer2018N600n7	
361	RH_SomMot_17	SomMot	7Networks_RH_SomMot_17	377.0	17Networks_RH_SomMotB_S2_8	SomMotB	Schaefer2018N600n7	
362	RH_SomMot_18	SomMot	7Networks_RH_SomMot_18	364.0	17Networks_RH_SomMotB_Cent_1	SomMotB	Schaefer2018N600n7	
363	RH_SomMot_19	SomMot	7Networks_RH_SomMot_19	365.0	17Networks_RH_SomMotB_Cent_2	SomMotB	Schaefer2018N600n7	
364	RH_SomMot_20	SomMot	7Networks_RH_SomMot_20	366.0	17Networks_RH_SomMotB_Cent_3	SomMotB	Schaefer2018N600n7	
365	RH_SomMot_21	SomMot	7Networks_RH_SomMot_21	405.0	17Networks_RH_DorsAttnB_PostC_3	DorsAttnB	Schaefer2018N600n7	
366	RH_SomMot_22	SomMot	7Networks_RH_SomMot_22	367.0	17Networks_RH_SomMotB_Cent_4	SomMotB	Schaefer2018N600n7	
367	RH_SomMot_23	SomMot	7Networks_RH_SomMot_23	368.0	17Networks_RH_SomMotB_Cent_5	SomMotB	Schaefer2018N600n7	
368	RH_SomMot_24	SomMot	7Networks_RH_SomMot_24	445.0	17Networks_RH_SalVentAttnA_FrMed_3	SalVentAttnA	Schaefer2018N600n7	
369	RH_SomMot_25	SomMot	7Networks_RH_SomMot_25	438.0	17Networks_RH_SalVentAttnA_ParMed_2	SalVentAttnA	Schaefer2018N600n7	
370	RH_SomMot_26	SomMot	7Networks_RH_SomMot_26	337.0	17Networks_RH_SomMotA_1	SomMotA	Schaefer2018N600n7	
371	RH_SomMot_27	SomMot	7Networks_RH_SomMot_27	338.0	17Networks_RH_SomMotA_2	SomMotA	Schaefer2018N600n7	
372	RH_SomMot_28	SomMot	7Networks_RH_SomMot_28	369.0	17Networks_RH_SomMotB_Cent_6	SomMotB	Schaefer2018N600n7	
373	RH_SomMot_29	SomMot	7Networks_RH_SomMot_29	339.0	17Networks_RH_SomMotA_3	SomMotA	Schaefer2018N600n7	
374	RH_SomMot_30	SomMot	7Networks_RH_SomMot_30	340.0	17Networks_RH_SomMotA_4	SomMotA	Schaefer2018N600n7	
375	RH_SomMot_31	SomMot	7Networks_RH_SomMot_31	341.0	17Networks_RH_SomMotA_5	SomMotA	Schaefer2018N600n7	
376	RH_SomMot_32	SomMot	7Networks_RH_SomMot_32	447.0	17Networks_RH_SalVentAttnA_FrMed_5	SalVentAttnA	Schaefer2018N600n7	
377	RH_SomMot_33	SomMot	7Networks_RH_SomMot_33	342.0	17Networks_RH_SomMotA_6	SomMotA	Schaefer2018N600n7	
378	RH_SomMot_34	SomMot	7Networks_RH_SomMot_34	343.0	17Networks_RH_SomMotA_7	SomMotA	Schaefer2018N600n7	
379	RH_SomMot_35	SomMot	7Networks_RH_SomMot_35	344.0	17Networks_RH_SomMotA_8	SomMotA	Schaefer2018N600n7	
380	RH_SomMot_36	SomMot	7Networks_RH_SomMot_36	345.0	17Networks_RH_SomMotA_9	SomMotA	Schaefer2018N600n7	
381	RH_SomMot_37	SomMot	7Networks_RH_SomMot_37	346.0	17Networks_RH_SomMotA_10	SomMotA	Schaefer2018N600n7	
382	RH_SomMot_38	SomMot	7Networks_RH_SomMot_38	347.0	17Networks_RH_SomMotA_11	SomMotA	Schaefer2018N600n7	
383	RH_SomMot_39	SomMot	7Networks_RH_SomMot_39	348.0	17Networks_RH_SomMotA_12	SomMotA	Schaefer2018N600n7	
384	RH_SomMot_40	SomMot	7Networks_RH_SomMot_40	349.0	17Networks_RH_SomMotA_13	SomMotA	Schaefer2018N600n7	
385	RH_SomMot_41	SomMot	7Networks_RH_SomMot_41	350.0	17Networks_RH_SomMotA_14	SomMotA	Schaefer2018N600n7	
386	RH_SomMot_42	SomMot	7Networks_RH_SomMot_42	351.0	17Networks_RH_SomMotA_15	SomMotA	Schaefer2018N600n7	
387	RH_SomMot_43	SomMot	7Networks_RH_SomMot_43	352.0	17Networks_RH_SomMotA_16	SomMotA	Schaefer2018N600n7	
388	RH_SomMot_44	SomMot	7Networks_RH_SomMot_44	353.0	17Networks_RH_SomMotA_17	SomMotA	Schaefer2018N600n7	
389	RH_SomMot_45	SomMot	7Networks_RH_SomMot_45	418.0	17Networks_RH_DorsAttnB_FEF_4	DorsAttnB	Schaefer2018N600n7	
390	RH_SomMot_46	SomMot	7Networks_RH_SomMot_46	354.0	17Networks_RH_SomMotA_18	SomMotA	Schaefer2018N600n7	
391	RH_SomMot_47	SomMot	7Networks_RH_SomMot_47	355.0	17Networks_RH_SomMotA_19	SomMotA	Schaefer2018N600n7	
392	RH_SomMot_48	SomMot	7Networks_RH_SomMot_48	356.0	17Networks_RH_SomMotA_20	SomMotA	Schaefer2018N600n7	
393	RH_SomMot_49	SomMot	7Networks_RH_SomMot_49	357.0	17Networks_RH_SomMotA_21	SomMotA	Schaefer2018N600n7	
394	RH_SomMot_50	SomMot	7Networks_RH_SomMot_50	414.0	17Networks_RH_DorsAttnB_PostC_12	DorsAttnB	Schaefer2018N600n7	
395	RH_SomMot_51	SomMot	7Networks_RH_SomMot_51	358.0	17Networks_RH_SomMotA_22	SomMotA	Schaefer2018N600n7	
396	RH_SomMot_52	SomMot	7Networks_RH_SomMot_52	359.0	17Networks_RH_SomMotA_23	SomMotA	Schaefer2018N600n7	
397	RH_SomMot_53	SomMot	7Networks_RH_SomMot_53	360.0	17Networks_RH_SomMotA_24	SomMotA	Schaefer2018N600n7	
398	RH_SomMot_54	SomMot	7Networks_RH_SomMot_54	361.0	17Networks_RH_SomMotA_25	SomMotA	Schaefer2018N600n7	
399	RH_SomMot_55	SomMot	7Networks_RH_SomMot_55	362.0	17Networks_RH_SomMotA_26	SomMotA	Schaefer2018N600n7	
400	RH_SomMot_56	SomMot	7Networks_RH_SomMot_56	363.0	17Networks_RH_SomMotA_27	SomMotA	Schaefer2018N600n7	
401	RH_DorsAttn_Post_1	DorsAttn	7Networks_RH_DorsAttn_Post_1	383.0	17Networks_RH_DorsAttnA_TempOcc_1	DorsAttnA	Schaefer2018N600n7	
402	RH_DorsAttn_Post_2	DorsAttn	7Networks_RH_DorsAttn_Post_2	384.0	17Networks_RH_DorsAttnA_TempOcc_2	DorsAttnA	Schaefer2018N600n7	
403	RH_DorsAttn_Post_3	DorsAttn	7Networks_RH_DorsAttn_Post_3	402.0	17Networks_RH_DorsAttnB_TempOcc_1	DorsAttnB	Schaefer2018N600n7	
404	RH_DorsAttn_Post_4	DorsAttn	7Networks_RH_DorsAttn_Post_4	387.0	17Networks_RH_DorsAttnA_ParOcc_2	DorsAttnA	Schaefer2018N600n7	
405	RH_DorsAttn_Post_5	DorsAttn	7Networks_RH_DorsAttn_Post_5	579.0	17Networks_RH_DefaultC_IPL_1	DefaultC	Schaefer2018N600n7	
406	RH_DorsAttn_Post_6	DorsAttn	7Networks_RH_DorsAttn_Post_6	388.0	17Networks_RH_DorsAttnA_ParOcc_3	DorsAttnA	Schaefer2018N600n7	
407	RH_DorsAttn_Post_7	DorsAttn	7Networks_RH_DorsAttn_Post_7	580.0	17Networks_RH_DefaultC_IPL_2	DefaultC	Schaefer2018N600n7	
408	RH_DorsAttn_Post_8	DorsAttn	7Networks_RH_DorsAttn_Post_8	390.0	17Networks_RH_DorsAttnA_SPL_1	DorsAttnA	Schaefer2018N600n7	
409	RH_DorsAttn_Post_9	DorsAttn	7Networks_RH_DorsAttn_Post_9	488.0	17Networks_RH_ContA_IPS_1	ContA	Schaefer2018N600n7	
410	RH_DorsAttn_Post_10	DorsAttn	7Networks_RH_DorsAttn_Post_10	406.0	17Networks_RH_DorsAttnB_PostC_4	DorsAttnB	Schaefer2018N600n7	
411	RH_DorsAttn_Post_11	DorsAttn	7Networks_RH_DorsAttn_Post_11	490.0	17Networks_RH_ContA_IPS_3	ContA	Schaefer2018N600n7	
412	RH_DorsAttn_Post_12	DorsAttn	7Networks_RH_DorsAttn_Post_12	491.0	17Networks_RH_ContA_IPS_4	ContA	Schaefer2018N600n7	
413	RH_DorsAttn_Post_13	DorsAttn	7Networks_RH_DorsAttn_Post_13	494.0	17Networks_RH_ContA_IPS_7	ContA	Schaefer2018N600n7	
414	RH_DorsAttn_Post_14	DorsAttn	7Networks_RH_DorsAttn_Post_14	392.0	17Networks_RH_DorsAttnA_SPL_3	DorsAttnA	Schaefer2018N600n7	
415	RH_DorsAttn_Post_15	DorsAttn	7Networks_RH_DorsAttn_Post_15	407.0	17Networks_RH_DorsAttnB_PostC_5	DorsAttnB	Schaefer2018N600n7	
416	RH_DorsAttn_Post_16	DorsAttn	7Networks_RH_DorsAttn_Post_16	408.0	17Networks_RH_DorsAttnB_PostC_6	DorsAttnB	Schaefer2018N600n7	
417	RH_DorsAttn_Post_17	DorsAttn	7Networks_RH_DorsAttn_Post_17	393.0	17Networks_RH_DorsAttnA_SPL_4	DorsAttnA	Schaefer2018N600n7	
418	RH_DorsAttn_Post_18	DorsAttn	7Networks_RH_DorsAttn_Post_18	394.0	17Networks_RH_DorsAttnA_SPL_5	DorsAttnA	Schaefer2018N600n7	
419	RH_DorsAttn_Post_19	DorsAttn	7Networks_RH_DorsAttn_Post_19	395.0	17Networks_RH_DorsAttnA_SPL_6	DorsAttnA	Schaefer2018N600n7	
420	RH_DorsAttn_Post_20	DorsAttn	7Networks_RH_DorsAttn_Post_20	409.0	17Networks_RH_DorsAttnB_PostC_7	DorsAttnB	Schaefer2018N600n7	
421	RH_DorsAttn_Post_21	DorsAttn	7Networks_RH_DorsAttn_Post_21	396.0	17Networks_RH_DorsAttnA_SPL_7	DorsAttnA	Schaefer2018N600n7	
422	RH_DorsAttn_Post_22	DorsAttn	7Networks_RH_DorsAttn_Post_22	397.0	17Networks_RH_DorsAttnA_SPL_8	DorsAttnA	Schaefer2018N600n7	
423	RH_DorsAttn_Post_23	DorsAttn	7Networks_RH_DorsAttn_Post_23	410.0	17Networks_RH_DorsAttnB_PostC_8	DorsAttnB	Schaefer2018N600n7	
424	RH_DorsAttn_Post_24	DorsAttn	7Networks_RH_DorsAttn_Post_24	533.0	17Networks_RH_ContC_pCun_6	ContC	Schaefer2018N600n7	
425	RH_DorsAttn_Post_25	DorsAttn	7Networks_RH_DorsAttn_Post_25	398.0	17Networks_RH_DorsAttnA_SPL_9	DorsAttnA	Schaefer2018N600n7	
426	RH_DorsAttn_Post_26	DorsAttn	7Networks_RH_DorsAttn_Post_26	399.0	17Networks_RH_DorsAttnA_SPL_10	DorsAttnA	Schaefer2018N600n7	
427	RH_DorsAttn_Post_27	DorsAttn	7Networks_RH_DorsAttn_Post_27	411.0	17Networks_RH_DorsAttnB_PostC_9	DorsAttnB	Schaefer2018N600n7	
428	RH_DorsAttn_Post_28	DorsAttn	7Networks_RH_DorsAttn_Post_28	400.0	17Networks_RH_DorsAttnA_SPL_11	DorsAttnA	Schaefer2018N600n7	
429	RH_DorsAttn_Post_29	DorsAttn	7Networks_RH_DorsAttn_Post_29	401.0	17Networks_RH_DorsAttnA_SPL_12	DorsAttnA	Schaefer2018N600n7	
430	RH_DorsAttn_Post_30	DorsAttn	7Networks_RH_DorsAttn_Post_30	412.0	17Networks_RH_DorsAttnB_PostC_10	DorsAttnB	Schaefer2018N600n7	
431	RH_DorsAttn_Post_31	DorsAttn	7Networks_RH_DorsAttn_Post_31	413.0	17Networks_RH_DorsAttnB_PostC_11	DorsAttnB	Schaefer2018N600n7	
432	RH_DorsAttn_FEF_1	DorsAttn	7Networks_RH_DorsAttn_FEF_1	415.0	17Networks_RH_DorsAttnB_FEF_1	DorsAttnB	Schaefer2018N600n7	
433	RH_DorsAttn_FEF_2	DorsAttn	7Networks_RH_DorsAttn_FEF_2	496.0	17Networks_RH_ContA_PFCd_1	ContA	Schaefer2018N600n7	
434	RH_DorsAttn_FEF_3	DorsAttn	7Networks_RH_DorsAttn_FEF_3	416.0	17Networks_RH_DorsAttnB_FEF_2	DorsAttnB	Schaefer2018N600n7	
435	RH_DorsAttn_FEF_4	DorsAttn	7Networks_RH_DorsAttn_FEF_4	417.0	17Networks_RH_DorsAttnB_FEF_3	DorsAttnB	Schaefer2018N600n7	
436	RH_DorsAttn_PrCv_1	DorsAttn	7Networks_RH_DorsAttn_PrCv_1	503.0	17Networks_RH_ContA_PFCl_6	ContA	Schaefer2018N600n7	
437	RH_DorsAttn_PrCv_2	DorsAttn	7Networks_RH_DorsAttn_PrCv_2	419.0	17Networks_RH_DorsAttnB_PrCv_1	DorsAttnB	Schaefer2018N600n7	
438	RH_SalVentAttn_TempOccPar_1	SalVentAttn	7Networks_RH_SalVentAttn_TempOccPar_1	594.0	17Networks_RH_TempPar_7	TempPar	Schaefer2018N600n7	
439	RH_SalVentAttn_TempOccPar_2	SalVentAttn	7Networks_RH_SalVentAttn_TempOccPar_2	595.0	17Networks_RH_TempPar_8	TempPar	Schaefer2018N600n7	
440	RH_SalVentAttn_TempOccPar_3	SalVentAttn	7Networks_RH_SalVentAttn_TempOccPar_3	596.0	17Networks_RH_TempPar_9	TempPar	Schaefer2018N600n7	
441	RH_SalVentAttn_TempOccPar_4	SalVentAttn	7Networks_RH_SalVentAttn_TempOccPar_4	599.0	17Networks_RH_TempPar_12	TempPar	Schaefer2018N600n7	
442	RH_SalVentAttn_TempOccPar_5	SalVentAttn	7Networks_RH_SalVentAttn_TempOccPar_5	420.0	17Networks_RH_SalVentAttnA_ParOper_1	SalVentAttnA	Schaefer2018N600n7	
443	RH_SalVentAttn_TempOccPar_6	SalVentAttn	7Networks_RH_SalVentAttn_TempOccPar_6	421.0	17Networks_RH_SalVentAttnA_ParOper_2	SalVentAttnA	Schaefer2018N600n7	
444	RH_SalVentAttn_TempOccPar_7	SalVentAttn	7Networks_RH_SalVentAttn_TempOccPar_7	422.0	17Networks_RH_SalVentAttnA_ParOper_3	SalVentAttnA	Schaefer2018N600n7	
445	RH_SalVentAttn_TempOccPar_8	SalVentAttn	7Networks_RH_SalVentAttn_TempOccPar_8	450.0	17Networks_RH_SalVentAttnB_IPL_1	SalVentAttnB	Schaefer2018N600n7	
446	RH_SalVentAttn_TempOccPar_9	SalVentAttn	7Networks_RH_SalVentAttn_TempOccPar_9	423.0	17Networks_RH_SalVentAttnA_ParOper_4	SalVentAttnA	Schaefer2018N600n7	
447	RH_SalVentAttn_TempOccPar_10	SalVentAttn	7Networks_RH_SalVentAttn_TempOccPar_10	424.0	17Networks_RH_SalVentAttnA_ParOper_5	SalVentAttnA	Schaefer2018N600n7	
448	RH_SalVentAttn_TempOccPar_11	SalVentAttn	7Networks_RH_SalVentAttn_TempOccPar_11	403.0	17Networks_RH_DorsAttnB_PostC_1	DorsAttnB	Schaefer2018N600n7	
449	RH_SalVentAttn_TempOccPar_12	SalVentAttn	7Networks_RH_SalVentAttn_TempOccPar_12	404.0	17Networks_RH_DorsAttnB_PostC_2	DorsAttnB	Schaefer2018N600n7	
450	RH_SalVentAttn_PrC_1	SalVentAttn	7Networks_RH_SalVentAttn_PrC_1	425.0	17Networks_RH_SalVentAttnA_PrC_1	SalVentAttnA	Schaefer2018N600n7	
451	RH_SalVentAttn_FrOperIns_1	SalVentAttn	7Networks_RH_SalVentAttn_FrOperIns_1	431.0	17Networks_RH_SalVentAttnA_Ins_1	SalVentAttnA	Schaefer2018N600n7	
452	RH_SalVentAttn_FrOperIns_2	SalVentAttn	7Networks_RH_SalVentAttn_FrOperIns_2	433.0	17Networks_RH_SalVentAttnA_Ins_3	SalVentAttnA	Schaefer2018N600n7	
453	RH_SalVentAttn_FrOperIns_3	SalVentAttn	7Networks_RH_SalVentAttn_FrOperIns_3	460.0	17Networks_RH_SalVentAttnB_Ins_2	SalVentAttnB	Schaefer2018N600n7	
454	RH_SalVentAttn_FrOperIns_4	SalVentAttn	7Networks_RH_SalVentAttn_FrOperIns_4	434.0	17Networks_RH_SalVentAttnA_Ins_4	SalVentAttnA	Schaefer2018N600n7	
455	RH_SalVentAttn_FrOperIns_5	SalVentAttn	7Networks_RH_SalVentAttn_FrOperIns_5	435.0	17Networks_RH_SalVentAttnA_Ins_5	SalVentAttnA	Schaefer2018N600n7	
456	RH_SalVentAttn_FrOperIns_6	SalVentAttn	7Networks_RH_SalVentAttn_FrOperIns_6	461.0	17Networks_RH_SalVentAttnB_Ins_3	SalVentAttnB	Schaefer2018N600n7	
457	RH_SalVentAttn_FrOperIns_7	SalVentAttn	7Networks_RH_SalVentAttn_FrOperIns_7	436.0	17Networks_RH_SalVentAttnA_Ins_6	SalVentAttnA	Schaefer2018N600n7	
458	RH_SalVentAttn_FrOperIns_8	SalVentAttn	7Networks_RH_SalVentAttn_FrOperIns_8	426.0	17Networks_RH_SalVentAttnA_FrOper_1	SalVentAttnA	Schaefer2018N600n7	
459	RH_SalVentAttn_FrOperIns_9	SalVentAttn	7Networks_RH_SalVentAttn_FrOperIns_9	462.0	17Networks_RH_SalVentAttnB_Ins_4	SalVentAttnB	Schaefer2018N600n7	
460	RH_SalVentAttn_FrOperIns_10	SalVentAttn	7Networks_RH_SalVentAttn_FrOperIns_10	428.0	17Networks_RH_SalVentAttnA_FrOper_3	SalVentAttnA	Schaefer2018N600n7	
461	RH_SalVentAttn_FrOperIns_11	SalVentAttn	7Networks_RH_SalVentAttn_FrOperIns_11	429.0	17Networks_RH_SalVentAttnA_FrOper_4	SalVentAttnA	Schaefer2018N600n7	
462	RH_SalVentAttn_FrOperIns_12	SalVentAttn	7Networks_RH_SalVentAttn_FrOperIns_12	430.0	17Networks_RH_SalVentAttnA_FrOper_5	SalVentAttnA	Schaefer2018N600n7	
463	RH_SalVentAttn_PFCl_1	SalVentAttn	7Networks_RH_SalVentAttn_PFCl_1	456.0	17Networks_RH_SalVentAttnB_PFCl_3	SalVentAttnB	Schaefer2018N600n7	
464	RH_SalVentAttn_Med_1	SalVentAttn	7Networks_RH_SalVentAttn_Med_1	467.0	17Networks_RH_SalVentAttnB_Cinga_1	SalVentAttnB	Schaefer2018N600n7	
465	RH_SalVentAttn_Med_2	SalVentAttn	7Networks_RH_SalVentAttn_Med_2	464.0	17Networks_RH_SalVentAttnB_PFCmp_2	SalVentAttnB	Schaefer2018N600n7	
466	RH_SalVentAttn_Med_3	SalVentAttn	7Networks_RH_SalVentAttn_Med_3	443.0	17Networks_RH_SalVentAttnA_FrMed_1	SalVentAttnA	Schaefer2018N600n7	
467	RH_SalVentAttn_Med_4	SalVentAttn	7Networks_RH_SalVentAttn_Med_4	444.0	17Networks_RH_SalVentAttnA_FrMed_2	SalVentAttnA	Schaefer2018N600n7	
468	RH_SalVentAttn_Med_5	SalVentAttn	7Networks_RH_SalVentAttn_Med_5	437.0	17Networks_RH_SalVentAttnA_ParMed_1	SalVentAttnA	Schaefer2018N600n7	
469	RH_SalVentAttn_Med_6	SalVentAttn	7Networks_RH_SalVentAttn_Med_6	446.0	17Networks_RH_SalVentAttnA_FrMed_4	SalVentAttnA	Schaefer2018N600n7	
470	RH_SalVentAttn_Med_7	SalVentAttn	7Networks_RH_SalVentAttn_Med_7	439.0	17Networks_RH_SalVentAttnA_ParMed_3	SalVentAttnA	Schaefer2018N600n7	
471	RH_SalVentAttn_Med_8	SalVentAttn	7Networks_RH_SalVentAttn_Med_8	440.0	17Networks_RH_SalVentAttnA_ParMed_4	SalVentAttnA	Schaefer2018N600n7	
472	RH_SalVentAttn_Med_9	SalVentAttn	7Networks_RH_SalVentAttn_Med_9	441.0	17Networks_RH_SalVentAttnA_ParMed_5	SalVentAttnA	Schaefer2018N600n7	
473	RH_SalVentAttn_Med_10	SalVentAttn	7Networks_RH_SalVentAttn_Med_10	442.0	17Networks_RH_SalVentAttnA_ParMed_6	SalVentAttnA	Schaefer2018N600n7	
474	RH_SalVentAttn_Med_11	SalVentAttn	7Networks_RH_SalVentAttn_Med_11	466.0	17Networks_RH_SalVentAttnB_PFCmp_4	SalVentAttnB	Schaefer2018N600n7	
475	RH_SalVentAttn_Med_12	SalVentAttn	7Networks_RH_SalVentAttn_Med_12	448.0	17Networks_RH_SalVentAttnA_FrMed_6	SalVentAttnA	Schaefer2018N600n7	
476	RH_SalVentAttn_Med_13	SalVentAttn	7Networks_RH_SalVentAttn_Med_13	449.0	17Networks_RH_SalVentAttnA_FrMed_7	SalVentAttnA	Schaefer2018N600n7	
477	RH_Limbic_OFC_1	Limbic	7Networks_RH_Limbic_OFC_1	468.0	17Networks_RH_LimbicB_OFC_1	LimbicB	Schaefer2018N600n7	
478	RH_Limbic_OFC_2	Limbic	7Networks_RH_Limbic_OFC_2	469.0	17Networks_RH_LimbicB_OFC_2	LimbicB	Schaefer2018N600n7	
479	RH_Limbic_OFC_3	Limbic	7Networks_RH_Limbic_OFC_3	470.0	17Networks_RH_LimbicB_OFC_3	LimbicB	Schaefer2018N600n7	
480	RH_Limbic_OFC_4	Limbic	7Networks_RH_Limbic_OFC_4	471.0	17Networks_RH_LimbicB_OFC_4	LimbicB	Schaefer2018N600n7	
481	RH_Limbic_OFC_5	Limbic	7Networks_RH_Limbic_OFC_5	472.0	17Networks_RH_LimbicB_OFC_5	LimbicB	Schaefer2018N600n7	
482	RH_Limbic_OFC_6	Limbic	7Networks_RH_Limbic_OFC_6	474.0	17Networks_RH_LimbicB_OFC_7	LimbicB	Schaefer2018N600n7	
483	RH_Limbic_OFC_7	Limbic	7Networks_RH_Limbic_OFC_7	475.0	17Networks_RH_LimbicB_OFC_8	LimbicB	Schaefer2018N600n7	
484	RH_Limbic_OFC_8	Limbic	7Networks_RH_Limbic_OFC_8	476.0	17Networks_RH_LimbicB_OFC_9	LimbicB	Schaefer2018N600n7	
485	RH_Limbic_OFC_9	Limbic	7Networks_RH_Limbic_OFC_9	478.0	17Networks_RH_LimbicB_OFC_11	LimbicB	Schaefer2018N600n7	
486	RH_Limbic_TempPole_1	Limbic	7Networks_RH_Limbic_TempPole_1	479.0	17Networks_RH_LimbicA_TempPole_1	LimbicA	Schaefer2018N600n7	
487	RH_Limbic_TempPole_2	Limbic	7Networks_RH_Limbic_TempPole_2	480.0	17Networks_RH_LimbicA_TempPole_2	LimbicA	Schaefer2018N600n7	
488	RH_Limbic_TempPole_3	Limbic	7Networks_RH_Limbic_TempPole_3	481.0	17Networks_RH_LimbicA_TempPole_3	LimbicA	Schaefer2018N600n7	
489	RH_Limbic_TempPole_4	Limbic	7Networks_RH_Limbic_TempPole_4	482.0	17Networks_RH_LimbicA_TempPole_4	LimbicA	Schaefer2018N600n7	
490	RH_Limbic_TempPole_5	Limbic	7Networks_RH_Limbic_TempPole_5	483.0	17Networks_RH_LimbicA_TempPole_5	LimbicA	Schaefer2018N600n7	
491	RH_Limbic_TempPole_6	Limbic	7Networks_RH_Limbic_TempPole_6	484.0	17Networks_RH_LimbicA_TempPole_6	LimbicA	Schaefer2018N600n7	
492	RH_Limbic_TempPole_7	Limbic	7Networks_RH_Limbic_TempPole_7	485.0	17Networks_RH_LimbicA_TempPole_7	LimbicA	Schaefer2018N600n7	
493	RH_Limbic_TempPole_8	Limbic	7Networks_RH_Limbic_TempPole_8	486.0	17Networks_RH_LimbicA_TempPole_8	LimbicA	Schaefer2018N600n7	
494	RH_Limbic_TempPole_9	Limbic	7Networks_RH_Limbic_TempPole_9	487.0	17Networks_RH_LimbicA_TempPole_9	LimbicA	Schaefer2018N600n7	
495	RH_Limbic_TempPole_10	Limbic	7Networks_RH_Limbic_TempPole_10	585.0	17Networks_RH_DefaultC_PHC_1	DefaultC	Schaefer2018N600n7	
496	RH_Limbic_TempPole_11	Limbic	7Networks_RH_Limbic_TempPole_11	432.0	17Networks_RH_SalVentAttnA_Ins_2	SalVentAttnA	Schaefer2018N600n7	
497	RH_Cont_Par_1	Cont	7Networks_RH_Cont_Par_1	509.0	17Networks_RH_ContB_IPL_1	ContB	Schaefer2018N600n7	
498	RH_Cont_Par_2	Cont	7Networks_RH_Cont_Par_2	451.0	17Networks_RH_SalVentAttnB_IPL_2	SalVentAttnB	Schaefer2018N600n7	
499	RH_Cont_Par_3	Cont	7Networks_RH_Cont_Par_3	510.0	17Networks_RH_ContB_IPL_2	ContB	Schaefer2018N600n7	
500	RH_Cont_Par_4	Cont	7Networks_RH_Cont_Par_4	489.0	17Networks_RH_ContA_IPS_2	ContA	Schaefer2018N600n7	
501	RH_Cont_Par_5	Cont	7Networks_RH_Cont_Par_5	512.0	17Networks_RH_ContB_IPL_4	ContB	Schaefer2018N600n7	
502	RH_Cont_Par_6	Cont	7Networks_RH_Cont_Par_6	513.0	17Networks_RH_ContB_IPL_5	ContB	Schaefer2018N600n7	
503	RH_Cont_Par_7	Cont	7Networks_RH_Cont_Par_7	492.0	17Networks_RH_ContA_IPS_5	ContA	Schaefer2018N600n7	
504	RH_Cont_Par_8	Cont	7Networks_RH_Cont_Par_8	493.0	17Networks_RH_ContA_IPS_6	ContA	Schaefer2018N600n7	
505	RH_Cont_Par_9	Cont	7Networks_RH_Cont_Par_9	495.0	17Networks_RH_ContA_IPS_8	ContA	Schaefer2018N600n7	
506	RH_Cont_Temp_1	Cont	7Networks_RH_Cont_Temp_1	506.0	17Networks_RH_ContB_Temp_1	ContB	Schaefer2018N600n7	
507	RH_Cont_Temp_2	Cont	7Networks_RH_Cont_Temp_2	508.0	17Networks_RH_ContB_Temp_3	ContB	Schaefer2018N600n7	
508	RH_Cont_PFCv_1	Cont	7Networks_RH_Cont_PFCv_1	459.0	17Networks_RH_SalVentAttnB_Ins_1	SalVentAttnB	Schaefer2018N600n7	
509	RH_Cont_PFCl_1	Cont	7Networks_RH_Cont_PFCl_1	473.0	17Networks_RH_LimbicB_OFC_6	LimbicB	Schaefer2018N600n7	
510	RH_Cont_PFCl_2	Cont	7Networks_RH_Cont_PFCl_2	522.0	17Networks_RH_ContB_PFClv_2	ContB	Schaefer2018N600n7	
511	RH_Cont_PFCl_3	Cont	7Networks_RH_Cont_PFCl_3	523.0	17Networks_RH_ContB_PFClv_3	ContB	Schaefer2018N600n7	
512	RH_Cont_PFCl_4	Cont	7Networks_RH_Cont_PFCl_4	524.0	17Networks_RH_ContB_PFClv_4	ContB	Schaefer2018N600n7	
513	RH_Cont_PFCl_5	Cont	7Networks_RH_Cont_PFCl_5	525.0	17Networks_RH_ContB_PFClv_5	ContB	Schaefer2018N600n7	
514	RH_Cont_PFCl_6	Cont	7Networks_RH_Cont_PFCl_6	457.0	17Networks_RH_SalVentAttnB_PFClv_1	SalVentAttnB	Schaefer2018N600n7	
515	RH_Cont_PFCl_7	Cont	7Networks_RH_Cont_PFCl_7	458.0	17Networks_RH_SalVentAttnB_PFClv_2	SalVentAttnB	Schaefer2018N600n7	
516	RH_Cont_PFCl_8	Cont	7Networks_RH_Cont_PFCl_8	526.0	17Networks_RH_ContB_PFClv_6	ContB	Schaefer2018N600n7	
517	RH_Cont_PFCl_9	Cont	7Networks_RH_Cont_PFCl_9	498.0	17Networks_RH_ContA_PFCl_1	ContA	Schaefer2018N600n7	
518	RH_Cont_PFCl_10	Cont	7Networks_RH_Cont_PFCl_10	499.0	17Networks_RH_ContA_PFCl_2	ContA	Schaefer2018N600n7	
519	RH_Cont_PFCl_11	Cont	7Networks_RH_Cont_PFCl_11	500.0	17Networks_RH_ContA_PFCl_3	ContA	Schaefer2018N600n7	
520	RH_Cont_PFCl_12	Cont	7Networks_RH_Cont_PFCl_12	454.0	17Networks_RH_SalVentAttnB_PFCl_1	SalVentAttnB	Schaefer2018N600n7	
521	RH_Cont_PFCl_13	Cont	7Networks_RH_Cont_PFCl_13	455.0	17Networks_RH_SalVentAttnB_PFCl_2	SalVentAttnB	Schaefer2018N600n7	
522	RH_Cont_PFCl_14	Cont	7Networks_RH_Cont_PFCl_14	501.0	17Networks_RH_ContA_PFCl_4	ContA	Schaefer2018N600n7	
523	RH_Cont_PFCl_15	Cont	7Networks_RH_Cont_PFCl_15	502.0	17Networks_RH_ContA_PFCl_5	ContA	Schaefer2018N600n7	
524	RH_Cont_PFCl_16	Cont	7Networks_RH_Cont_PFCl_16	504.0	17Networks_RH_ContA_PFCl_7	ContA	Schaefer2018N600n7	
525	RH_Cont_PFCl_17	Cont	7Networks_RH_Cont_PFCl_17	514.0	17Networks_RH_ContB_PFCld_1	ContB	Schaefer2018N600n7	
526	RH_Cont_PFCl_18	Cont	7Networks_RH_Cont_PFCl_18	515.0	17Networks_RH_ContB_PFCld_2	ContB	Schaefer2018N600n7	
527	RH_Cont_PFCl_19	Cont	7Networks_RH_Cont_PFCl_19	516.0	17Networks_RH_ContB_PFCld_3	ContB	Schaefer2018N600n7	
528	RH_Cont_PFCl_20	Cont	7Networks_RH_Cont_PFCl_20	517.0	17Networks_RH_ContB_PFCld_4	ContB	Schaefer2018N600n7	
529	RH_Cont_PFCl_21	Cont	7Networks_RH_Cont_PFCl_21	518.0	17Networks_RH_ContB_PFCld_5	ContB	Schaefer2018N600n7	
530	RH_Cont_PFCl_22	Cont	7Networks_RH_Cont_PFCl_22	519.0	17Networks_RH_ContB_PFCld_6	ContB	Schaefer2018N600n7	
531	RH_Cont_PFCl_23	Cont	7Networks_RH_Cont_PFCl_23	497.0	17Networks_RH_ContA_PFCd_2	ContA	Schaefer2018N600n7	
532	RH_Cont_PFCl_24	Cont	7Networks_RH_Cont_PFCl_24	452.0	17Networks_RH_SalVentAttnB_PFCd_1	SalVentAttnB	Schaefer2018N600n7	
533	RH_Cont_PFCl_25	Cont	7Networks_RH_Cont_PFCl_25	453.0	17Networks_RH_SalVentAttnB_PFCd_2	SalVentAttnB	Schaefer2018N600n7	
534	RH_Cont_pCun_1	Cont	7Networks_RH_Cont_pCun_1	529.0	17Networks_RH_ContC_pCun_2	ContC	Schaefer2018N600n7	
535	RH_Cont_pCun_2	Cont	7Networks_RH_Cont_pCun_2	532.0	17Networks_RH_ContC_pCun_5	ContC	Schaefer2018N600n7	
536	RH_Cont_Cing_1	Cont	7Networks_RH_Cont_Cing_1	534.0	17Networks_RH_ContC_Cingp_1	ContC	Schaefer2018N600n7	
537	RH_Cont_Cing_2	Cont	7Networks_RH_Cont_Cing_2	535.0	17Networks_RH_ContC_Cingp_2	ContC	Schaefer2018N600n7	
538	RH_Cont_Cing_3	Cont	7Networks_RH_Cont_Cing_3	505.0	17Networks_RH_ContA_Cingm_1	ContA	Schaefer2018N600n7	
539	RH_Cont_Cing_4	Cont	7Networks_RH_Cont_Cing_4	536.0	17Networks_RH_ContC_Cingp_3	ContC	Schaefer2018N600n7	
540	RH_Cont_PFCmp_1	Cont	7Networks_RH_Cont_PFCmp_1	463.0	17Networks_RH_SalVentAttnB_PFCmp_1	SalVentAttnB	Schaefer2018N600n7	
541	RH_Cont_PFCmp_2	Cont	7Networks_RH_Cont_PFCmp_2	527.0	17Networks_RH_ContB_PFCmp_1	ContB	Schaefer2018N600n7	
542	RH_Cont_PFCmp_3	Cont	7Networks_RH_Cont_PFCmp_3	465.0	17Networks_RH_SalVentAttnB_PFCmp_3	SalVentAttnB	Schaefer2018N600n7	
543	RH_Default_Par_1	Default	7Networks_RH_Default_Par_1	597.0	17Networks_RH_TempPar_10	TempPar	Schaefer2018N600n7	
544	RH_Default_Par_2	Default	7Networks_RH_Default_Par_2	538.0	17Networks_RH_DefaultA_IPL_1	DefaultA	Schaefer2018N600n7	
545	RH_Default_Par_3	Default	7Networks_RH_Default_Par_3	600.0	17Networks_RH_TempPar_13	TempPar	Schaefer2018N600n7	
546	RH_Default_Par_4	Default	7Networks_RH_Default_Par_4	539.0	17Networks_RH_DefaultA_IPL_2	DefaultA	Schaefer2018N600n7	
547	RH_Default_Par_5	Default	7Networks_RH_Default_Par_5	540.0	17Networks_RH_DefaultA_IPL_3	DefaultA	Schaefer2018N600n7	
548	RH_Default_Par_6	Default	7Networks_RH_Default_Par_6	581.0	17Networks_RH_DefaultC_IPL_3	DefaultC	Schaefer2018N600n7	
549	RH_Default_Par_7	Default	7Networks_RH_Default_Par_7	541.0	17Networks_RH_DefaultA_IPL_4	DefaultA	Schaefer2018N600n7	
550	RH_Default_Par_8	Default	7Networks_RH_Default_Par_8	511.0	17Networks_RH_ContB_IPL_3	ContB	Schaefer2018N600n7	
551	RH_Default_Temp_1	Default	7Networks_RH_Default_Temp_1	565.0	17Networks_RH_DefaultB_AntTemp_1	DefaultB	Schaefer2018N600n7	
552	RH_Default_Temp_2	Default	7Networks_RH_Default_Temp_2	566.0	17Networks_RH_DefaultB_AntTemp_2	DefaultB	Schaefer2018N600n7	
553	RH_Default_Temp_3	Default	7Networks_RH_Default_Temp_3	567.0	17Networks_RH_DefaultB_AntTemp_3	DefaultB	Schaefer2018N600n7	
554	RH_Default_Temp_4	Default	7Networks_RH_Default_Temp_4	537.0	17Networks_RH_DefaultA_Temp_1	DefaultA	Schaefer2018N600n7	
555	RH_Default_Temp_5	Default	7Networks_RH_Default_Temp_5	507.0	17Networks_RH_ContB_Temp_2	ContB	Schaefer2018N600n7	
556	RH_Default_Temp_6	Default	7Networks_RH_Default_Temp_6	588.0	17Networks_RH_TempPar_1	TempPar	Schaefer2018N600n7	
557	RH_Default_Temp_7	Default	7Networks_RH_Default_Temp_7	563.0	17Networks_RH_DefaultB_Temp_1	DefaultB	Schaefer2018N600n7	
558	RH_Default_Temp_8	Default	7Networks_RH_Default_Temp_8	589.0	17Networks_RH_TempPar_2	TempPar	Schaefer2018N600n7	
559	RH_Default_Temp_9	Default	7Networks_RH_Default_Temp_9	590.0	17Networks_RH_TempPar_3	TempPar	Schaefer2018N600n7	
560	RH_Default_Temp_10	Default	7Networks_RH_Default_Temp_10	564.0	17Networks_RH_DefaultB_Temp_2	DefaultB	Schaefer2018N600n7	
561	RH_Default_Temp_11	Default	7Networks_RH_Default_Temp_11	592.0	17Networks_RH_TempPar_5	TempPar	Schaefer2018N600n7	
562	RH_Default_PFCv_1	Default	7Networks_RH_Default_PFCv_1	574.0	17Networks_RH_DefaultB_PFCv_1	DefaultB	Schaefer2018N600n7	
563	RH_Default_PFCv_2	Default	7Networks_RH_Default_PFCv_2	521.0	17Networks_RH_ContB_PFClv_1	ContB	Schaefer2018N600n7	
564	RH_Default_PFCv_3	Default	7Networks_RH_Default_PFCv_3	575.0	17Networks_RH_DefaultB_PFCv_2	DefaultB	Schaefer2018N600n7	
565	RH_Default_PFCv_4	Default	7Networks_RH_Default_PFCv_4	576.0	17Networks_RH_DefaultB_PFCv_3	DefaultB	Schaefer2018N600n7	
566	RH_Default_PFCv_5	Default	7Networks_RH_Default_PFCv_5	577.0	17Networks_RH_DefaultB_PFCv_4	DefaultB	Schaefer2018N600n7	
567	RH_Default_PFCv_6	Default	7Networks_RH_Default_PFCv_6	578.0	17Networks_RH_DefaultB_PFCv_5	DefaultB	Schaefer2018N600n7	
568	RH_Default_PFCdPFCm_1	Default	7Networks_RH_Default_PFCdPFCm_1	477.0	17Networks_RH_LimbicB_OFC_10	LimbicB	Schaefer2018N600n7	
569	RH_Default_PFCdPFCm_2	Default	7Networks_RH_Default_PFCdPFCm_2	555.0	17Networks_RH_DefaultA_PFCm_1	DefaultA	Schaefer2018N600n7	
570	RH_Default_PFCdPFCm_3	Default	7Networks_RH_Default_PFCdPFCm_3	556.0	17Networks_RH_DefaultA_PFCm_2	DefaultA	Schaefer2018N600n7	
571	RH_Default_PFCdPFCm_4	Default	7Networks_RH_Default_PFCdPFCm_4	557.0	17Networks_RH_DefaultA_PFCm_3	DefaultA	Schaefer2018N600n7	
572	RH_Default_PFCdPFCm_5	Default	7Networks_RH_Default_PFCdPFCm_5	558.0	17Networks_RH_DefaultA_PFCm_4	DefaultA	Schaefer2018N600n7	
573	RH_Default_PFCdPFCm_6	Default	7Networks_RH_Default_PFCdPFCm_6	559.0	17Networks_RH_DefaultA_PFCm_5	DefaultA	Schaefer2018N600n7	
574	RH_Default_PFCdPFCm_7	Default	7Networks_RH_Default_PFCdPFCm_7	560.0	17Networks_RH_DefaultA_PFCm_6	DefaultA	Schaefer2018N600n7	
575	RH_Default_PFCdPFCm_8	Default	7Networks_RH_Default_PFCdPFCm_8	561.0	17Networks_RH_DefaultA_PFCm_7	DefaultA	Schaefer2018N600n7	
576	RH_Default_PFCdPFCm_9	Default	7Networks_RH_Default_PFCdPFCm_9	562.0	17Networks_RH_DefaultA_PFCm_8	DefaultA	Schaefer2018N600n7	
577	RH_Default_PFCdPFCm_10	Default	7Networks_RH_Default_PFCdPFCm_10	568.0	17Networks_RH_DefaultB_PFCd_1	DefaultB	Schaefer2018N600n7	
578	RH_Default_PFCdPFCm_11	Default	7Networks_RH_Default_PFCdPFCm_11	569.0	17Networks_RH_DefaultB_PFCd_2	DefaultB	Schaefer2018N600n7	
579	RH_Default_PFCdPFCm_12	Default	7Networks_RH_Default_PFCdPFCm_12	570.0	17Networks_RH_DefaultB_PFCd_3	DefaultB	Schaefer2018N600n7	
580	RH_Default_PFCdPFCm_13	Default	7Networks_RH_Default_PFCdPFCm_13	542.0	17Networks_RH_DefaultA_PFCd_1	DefaultA	Schaefer2018N600n7	
581	RH_Default_PFCdPFCm_14	Default	7Networks_RH_Default_PFCdPFCm_14	571.0	17Networks_RH_DefaultB_PFCd_4	DefaultB	Schaefer2018N600n7	
582	RH_Default_PFCdPFCm_15	Default	7Networks_RH_Default_PFCdPFCm_15	543.0	17Networks_RH_DefaultA_PFCd_2	DefaultA	Schaefer2018N600n7	
583	RH_Default_PFCdPFCm_16	Default	7Networks_RH_Default_PFCdPFCm_16	544.0	17Networks_RH_DefaultA_PFCd_3	DefaultA	Schaefer2018N600n7	
584	RH_Default_PFCdPFCm_17	Default	7Networks_RH_Default_PFCdPFCm_17	572.0	17Networks_RH_DefaultB_PFCd_5	DefaultB	Schaefer2018N600n7	
585	RH_Default_PFCdPFCm_18	Default	7Networks_RH_Default_PFCdPFCm_18	520.0	17Networks_RH_ContB_PFCld_7	ContB	Schaefer2018N600n7	
586	RH_Default_PFCdPFCm_19	Default	7Networks_RH_Default_PFCdPFCm_19	573.0	17Networks_RH_DefaultB_PFCd_6	DefaultB	Schaefer2018N600n7	
587	RH_Default_pCunPCC_1	Default	7Networks_RH_Default_pCunPCC_1	583.0	17Networks_RH_DefaultC_Rsp_2	DefaultC	Schaefer2018N600n7	
588	RH_Default_pCunPCC_2	Default	7Networks_RH_Default_pCunPCC_2	545.0	17Networks_RH_DefaultA_pCunPCC_1	DefaultA	Schaefer2018N600n7	
589	RH_Default_pCunPCC_3	Default	7Networks_RH_Default_pCunPCC_3	584.0	17Networks_RH_DefaultC_Rsp_3	DefaultC	Schaefer2018N600n7	
590	RH_Default_pCunPCC_4	Default	7Networks_RH_Default_pCunPCC_4	546.0	17Networks_RH_DefaultA_pCunPCC_2	DefaultA	Schaefer2018N600n7	
591	RH_Default_pCunPCC_5	Default	7Networks_RH_Default_pCunPCC_5	547.0	17Networks_RH_DefaultA_pCunPCC_3	DefaultA	Schaefer2018N600n7	
592	RH_Default_pCunPCC_6	Default	7Networks_RH_Default_pCunPCC_6	548.0	17Networks_RH_DefaultA_pCunPCC_4	DefaultA	Schaefer2018N600n7	
593	RH_Default_pCunPCC_7	Default	7Networks_RH_Default_pCunPCC_7	549.0	17Networks_RH_DefaultA_pCunPCC_5	DefaultA	Schaefer2018N600n7	
594	RH_Default_pCunPCC_8	Default	7Networks_RH_Default_pCunPCC_8	550.0	17Networks_RH_DefaultA_pCunPCC_6	DefaultA	Schaefer2018N600n7	
595	RH_Default_pCunPCC_9	Default	7Networks_RH_Default_pCunPCC_9	551.0	17Networks_RH_DefaultA_pCunPCC_7	DefaultA	Schaefer2018N600n7	
596	RH_Default_pCunPCC_10	Default	7Networks_RH_Default_pCunPCC_10	552.0	17Networks_RH_DefaultA_pCunPCC_8	DefaultA	Schaefer2018N600n7	
597	RH_Default_pCunPCC_11	Default	7Networks_RH_Default_pCunPCC_11	553.0	17Networks_RH_DefaultA_pCunPCC_9	DefaultA	Schaefer2018N600n7	
598	RH_Default_pCunPCC_12	Default	7Networks_RH_Default_pCunPCC_12	554.0	17Networks_RH_DefaultA_pCunPCC_10	DefaultA	Schaefer2018N600n7	
599	RH_Default_pCunPCC_13	Default	7Networks_RH_Default_pCunPCC_13	530.0	17Networks_RH_ContC_pCun_3	ContC	Schaefer2018N600n7	
600	RH_Default_pCunPCC_14	Default	7Networks_RH_Default_pCunPCC_14	531.0	17Networks_RH_ContC_pCun_4	ContC	Schaefer2018N600n7	
601	HIP-head-m-rh	Subcortex					Tian2020S3	
602	HIP-head-l-rh	Subcortex					Tian2020S3	
603	HIP-body-rh	Subcortex					Tian2020S3	
604	HIP-tail-rh	Subcortex					Tian2020S3	
605	THA-VPm-rh	Subcortex					Tian2020S3	
606	THA-VPl-rh	Subcortex					Tian2020S3	
607	THA-VAi-rh	Subcortex					Tian2020S3	
608	THA-VAs-rh	Subcortex					Tian2020S3	
609	THA-DAm-rh	Subcortex					Tian2020S3	
610	THA-DAl-rh	Subcortex					Tian2020S3	
611	PUT-VA-rh	Subcortex					Tian2020S3	
612	PUT-DA-rh	Subcortex					Tian2020S3	
613	PUT-VP-rh	Subcortex					Tian2020S3	
614	PUT-DP-rh	Subcortex					Tian2020S3	
615	CAU-VA-rh	Subcortex					Tian2020S3	
616	CAU-DA-rh	Subcortex					Tian2020S3	
617	CAU-body-rh	Subcortex					Tian2020S3	
618	CAU-tail-rh	Subcortex					Tian2020S3	
619	lAMY-rh	Subcortex					Tian2020S3	
620	mAMY-rh	Subcortex					Tian2020S3	
621	THA-DP-rh	Subcortex					Tian2020S3	
622	NAc-shell-rh	Subcortex					Tian2020S3	
623	NAc-core-rh	Subcortex					Tian2020S3	
624	pGP-rh	Subcortex					Tian2020S3	
625	aGP-rh	Subcortex					Tian2020S3	
626	HIP-head-m-lh	Subcortex					Tian2020S3	
627	HIP-head-l-lh	Subcortex					Tian2020S3	
628	HIP-body-lh	Subcortex					Tian2020S3	
629	HIP-tail-lh	Subcortex					Tian2020S3	
630	THA-VPm-lh	Subcortex					Tian2020S3	
631	THA-VPl-lh	Subcortex					Tian2020S3	
632	THA-VAi-lh	Subcortex					Tian2020S3	
633	THA-VAs-lh	Subcortex					Tian2020S3	
634	THA-DAm-lh	Subcortex					Tian2020S3	
635	THA-DAl-lh	Subcortex					Tian2020S3	
636	PUT-VA-lh	Subcortex					Tian2020S3	
637	PUT-DA-lh	Subcortex					Tian2020S3	
638	PUT-VP-lh	Subcortex					Tian2020S3	
639	PUT-DP-lh	Subcortex					Tian2020S3	
640	CAU-VA-lh	Subcortex					Tian2020S3	
641	CAU-DA-lh	Subcortex					Tian2020S3	
642	CAU-body-lh	Subcortex					Tian2020S3	
643	CAU-tail-lh	Subcortex					Tian2020S3	
644	lAMY-lh	Subcortex					Tian2020S3	
645	mAMY-lh	Subcortex					Tian2020S3	
646	THA-DP-lh	Subcortex					Tian2020S3	
647	NAc-shell-lh	Subcortex					Tian2020S3	
648	NAc-core-lh	Subcortex					Tian2020S3	
649	pGP-lh	Subcortex					Tian2020S3	
650	aGP-lh	Subcortex					Tian2020S3	
